"page","query","clicks","impressions","ctr","position"
"https://dave-blake.com/gosees","siobhan mcgroarty",54,1869,0.028892455858747994,1.6292134831460674
"https://dave-blake.com/model/2017/9/29/julia-cavanagh","julia cavanagh nude",20,228,0.08771929824561403,4.9956140350877192
"https://dave-blake.com/","dave blake",10,433,0.023094688221709007,4.0577367205542725
"https://dave-blake.com/story/abigail-oneill-beauty","abigail o'neill",8,2537,0.0031533307055577452,1.0311391407173827
"https://dave-blake.com/story/audrey-bradford-imd-inc-mavrick-agency-chasing-waterfalls","audrey bradford",7,266,0.026315789473684209,36.10526315789474
"https://dave-blake.com/story/2017/5/10/clean-living-co","carlie philby",4,69,0.057971014492753624,1.3913043478260869
"https://dave-blake.com/model-tests","model test shoot rates",3,57,0.052631578947368418,5.8245614035087723
"https://dave-blake.com/model/2017/9/22/lacey-nelson","lacey nelson model",3,23,0.13043478260869565,2.6956521739130435
"https://dave-blake.com/model/2017/9/29/julia-cavanagh","julia cavanagh",3,562,0.0053380782918149468,3.8362989323843415
"https://dave-blake.com/model/2017/9/29/julia-cavanagh","julia cavanagh leaks",3,12,0.25,4
"https://dave-blake.com/story/2019/alys-hale-model-writer","alys hale",3,159,0.018867924528301886,4.0125786163522008
"https://dave-blake.com/story/abigail-oneill-beauty","abigail o'neill model",3,208,0.014423076923076924,1
"https://dave-blake.com/story/isadora-vieira-beauty","isadora vieira",3,21282,0.000140964195094446,1.0236349967108354
"https://dave-blake.com/story/tag/Lacey+Nelson","lacey nelson model",3,78,0.038461538461538464,4.3461538461538467
"https://dave-blake.com/model/2017/9/29/julia-cavanagh","julia cavanagh leak",2,19,0.10526315789473684,7.0526315789473681
"https://dave-blake.com/gosees","siobhan mcgroarty ford models",1,14,0.071428571428571425,1.6428571428571428
"https://dave-blake.com/model","julia cavanagh lingerie",1,1,1,13
"https://dave-blake.com/model","julia newbery",1,5,0.2,5
"https://dave-blake.com/model-tests","model photographer nyc",1,35,0.028571428571428571,35.342857142857142
"https://dave-blake.com/model/2017/9/22/lacey-nelson","lacey nelson",1,34,0.029411764705882353,3.6470588235294117
"https://dave-blake.com/model/2017/9/29/julia-cavanagh","julia cavanagh bellazon",1,27,0.037037037037037035,4.3333333333333339
"https://dave-blake.com/model/2017/9/29/julia-cavanagh","julia cavanagh leaked",1,29,0.034482758620689655,5.3448275862068968
"https://dave-blake.com/model/2017/9/29/julia-cavanagh","julia cavanagh model",1,21,0.047619047619047616,3.3333333333333335
"https://dave-blake.com/photographer/brisbane-fashion-photographer","brisbane fashion photographer",1,174,0.0057471264367816091,24.586206896551722
"https://dave-blake.com/photographer/brisbane-fashion-photographer","fashion photographer brisbane",1,99,0.010101010101010102,31.747474747474747
"https://dave-blake.com/photography-workshops/course-building-your-fashion-beauty-portfolio-with-agency-models-online-byron-bay","frankie scotney",1,6,0.16666666666666666,20.166666666666668
"https://dave-blake.com/photography-workshops/course-building-your-fashion-beauty-portfolio-with-agency-models-online-byron-bay","kane anderson",1,424,0.0023584905660377358,3.2712264150943398
"https://dave-blake.com/story/2016/12/3/my-chat-with-millicent-lambert","millicent lambert",1,56,0.017857142857142856,5.1607142857142856
"https://dave-blake.com/story/abigail-oneill-beauty","abigail o neill",1,378,0.0026455026455026454,7.3253968253968251
"https://dave-blake.com/story/audrey-bradford-imd-inc-mavrick-agency-chasing-waterfalls","audreybradford",1,7,0.14285714285714285,53.714285714285715
"https://dave-blake.com/story/caroline-lowe-img-models-beauty-gold-eyeshadow","caroline lowe model",1,4,0.25,41.25
"https://dave-blake.com/story/facesoffashionweek/nyfw-19","olivia vinten",1,447,0.0022371364653243847,15.977628635346756
"https://dave-blake.com/story/personal/barbara-di-creddo-img-new-york","barbara di creddo",1,79,0.012658227848101266,9.5696202531645564
"https://dave-blake.com/story/tag/Isabelle+van+der+Tuin","isabelle van der tuin",1,35,0.028571428571428571,11.371428571428572
"https://dave-blake.com/story/tag/Julia+Newbery","julia newbery",1,34,0.029411764705882353,4.2941176470588234
"https://dave-blake.com/story/tag/Mollye+Rogel","mollye rogel",1,22,0.045454545454545456,14.181818181818182
"https://dave-blake.com/story/tag/silka+kurzak","silka kurzak",1,3,0.33333333333333331,19.666666666666668
"https://dave-blake.com/vixen7676576","vixenraw",1,44,0.022727272727272728,61.772727272727273
"https://dave-blake.com/","alicia herbeth nude",0,5,0,39.2
"https://dave-blake.com/","anthony blake photography",0,1,0,3
"https://dave-blake.com/","aydee nude",0,1,0,19
"https://dave-blake.com/","big fashion photographers",0,2,0,102
"https://dave-blake.com/","blake dave",0,6,0,4.5
"https://dave-blake.com/","blake daves",0,29,0,6.8965517241379306
"https://dave-blake.com/","blake hoffman nude",0,2,0,15
"https://dave-blake.com/","blake lane nyc",0,6,0,84.666666666666671
"https://dave-blake.com/","blake photo",0,1,0,16
"https://dave-blake.com/","blake photography",0,5,0,21.6
"https://dave-blake.com/","blake wood photographer",0,1,0,11
"https://dave-blake.com/","blake_m_davies",0,2,0,6
"https://dave-blake.com/","brontesun",0,2,0,13.5
"https://dave-blake.com/","cam blake photography",0,1,0,81
"https://dave-blake.com/","car fashion photography",0,1,0,81
"https://dave-blake.com/","dave bl*nt",0,1,0,11
"https://dave-blake.com/","dave black",0,12,0,86.083333333333329
"https://dave-blake.com/","dave black photography",0,12,0,44.166666666666664
"https://dave-blake.com/","dave photo",0,4,0,44.5
"https://dave-blake.com/","dave photographer",0,1,0,67
"https://dave-blake.com/","dave photography",0,18,0,70.833333333333329
"https://dave-blake.com/","david ballam photography",0,2,0,10
"https://dave-blake.com/","david black photographer",0,1,0,75
"https://dave-blake.com/","david black photography",0,1,0,78
"https://dave-blake.com/","david blake",0,11,0,79.36363636363636
"https://dave-blake.com/","david blakes",0,1,0,58
"https://dave-blake.com/","davidblake",0,26,0,38.5
"https://dave-blake.com/","elle brittain nude",0,2,0,9
"https://dave-blake.com/","fashion photographer",0,1,0,42
"https://dave-blake.com/","fashion photographer sydney",0,2,0,30
"https://dave-blake.com/","fashion photography new york",0,1,0,46
"https://dave-blake.com/","international photographer",0,6,0,88
"https://dave-blake.com/","johnathan blake",0,1,0,10
"https://dave-blake.com/","marcus bleasdale photography",0,1,0,92
"https://dave-blake.com/","olivia vinten nude",0,3,0,29
"https://dave-blake.com/","sydney fashion photographers",0,1,0,24
"https://dave-blake.com/","the blake nyc",0,1,0,84
"https://dave-blake.com/buy/gift-card/photographer-mentoring-training-workshops/8-hour-mentor-package","beginner photography mentoring",0,1,0,99
"https://dave-blake.com/buy/gift-card/photographer-mentoring-training-workshops/8-hour-mentor-package","mentor photography",0,4,0,66.75
"https://dave-blake.com/buy/gift-card/photographer-mentoring-training-workshops/8-hour-mentor-package","mentorship photography",0,3,0,100
"https://dave-blake.com/buy/gift-card/photographer-mentoring-training-workshops/8-hour-mentor-package","photo mentorship",0,1,0,86
"https://dave-blake.com/buy/gift-card/photographer-mentoring-training-workshops/8-hour-mentor-package","photographer mentor",0,13,0,71.84615384615384
"https://dave-blake.com/buy/gift-card/photographer-mentoring-training-workshops/8-hour-mentor-package","photographer mentorship",0,4,0,65.5
"https://dave-blake.com/buy/gift-card/photographer-mentoring-training-workshops/8-hour-mentor-package","photography mentor",0,228,0,85.8201754385965
"https://dave-blake.com/buy/gift-card/photographer-mentoring-training-workshops/8-hour-mentor-package","photography mentoring",0,133,0,82.736842105263165
"https://dave-blake.com/buy/gift-card/photographer-mentoring-training-workshops/8-hour-mentor-package","photography mentors",0,9,0,81.222222222222229
"https://dave-blake.com/buy/gift-card/photographer-mentoring-training-workshops/8-hour-mentor-package","photography mentorship",0,28,0,97.428571428571431
"https://dave-blake.com/buy/gift-card/photographer-mentoring-training-workshops/8-hour-mentor-package","photography mentorships",0,4,0,94
"https://dave-blake.com/buy/gift-card/photographer-mentoring-training-workshops/per-hour","photography mentor",0,75,0,81.32
"https://dave-blake.com/buy/gift-card/photographer-mentoring-training-workshops/per-hour","photography mentoring",0,5,0,69
"https://dave-blake.com/buy/gift-card/photographer-mentoring-training-workshops/per-hour","photography mentoring program",0,1,0,76
"https://dave-blake.com/buy/gift-card/photographer-mentoring-training-workshops/per-hour","photography mentors",0,1,0,79
"https://dave-blake.com/byron-bay-photography-equipment-rental","byron bay camera",0,1,0,66
"https://dave-blake.com/byron-bay-photography-equipment-rental","camera and equipment rental",0,2,0,80.5
"https://dave-blake.com/byron-bay-photography-equipment-rental","equipment hire byron bay",0,10,0,50.8
"https://dave-blake.com/byron-bay-photography-equipment-rental","film equipment hire",0,86,0,91.360465116279073
"https://dave-blake.com/byron-bay-photography-equipment-rental","film equipment rental",0,4,0,98.75
"https://dave-blake.com/byron-bay-photography-equipment-rental","hire profoto equipment",0,10,0,78.1
"https://dave-blake.com/byron-bay-photography-equipment-rental","photo equipment hire",0,1,0,94
"https://dave-blake.com/byron-bay-photography-equipment-rental","photography equipment list and prices",0,1,0,96
"https://dave-blake.com/byron-bay-photography-equipment-rental","photography lighting rental near me",0,1,0,11
"https://dave-blake.com/byron-bay-photography-equipment-rental","photoshoot equipment rental",0,4,0,57
"https://dave-blake.com/byron-bay-photography-equipment-rental","stroller hire byron bay",0,4,0,61
"https://dave-blake.com/byron-bay-photography-equipment-rental","video camera rental",0,1,0,162
"https://dave-blake.com/faces-of-fashion-week/nyfw/2019","olivia vinten",0,2,0,1
"https://dave-blake.com/fashion-week-1/2017/5/29/fashion-week-virgin-mbfwa-2017-7axhp","tash sefton age",0,1,0,75
"https://dave-blake.com/fashion-week-1/tag/Annabella+Barber","annabella barber",0,9,0,35.444444444444443
"https://dave-blake.com/fashion-week-1/tag/Annabella+Barber","carriageworks bay 22-24",0,1,0,57
"https://dave-blake.com/fashion-week-1/tag/Annabella+Barber","hansen and gretel david jones",0,1,0,79
"https://dave-blake.com/fashion-week-1/tag/Jordan+Barrett","chloe worthington",0,2,0,6.5
"https://dave-blake.com/fashion-week-1/tag/Jordan+Barrett","jordan barrett balenciaga",0,2,0,18
"https://dave-blake.com/fashion-week-1/tag/Jordan+Barrett","jordan barrett fashion show",0,3,0,58.333333333333336
"https://dave-blake.com/fashion-week-1/tag/Jordan+Barrett","jordan barrett house",0,1,0,88
"https://dave-blake.com/fashion-week-1/tag/Jordan+Barrett","jordan barrett model",0,1,0,87
"https://dave-blake.com/fashion-week-1/tag/Jordan+Barrett","jordan barrett runway",0,4,0,40.25
"https://dave-blake.com/fashion-week-1/tag/Lucy+Markovic","bianca markovic",0,5,0,76.2
"https://dave-blake.com/fashion-week-1/tag/Lucy+Markovic","hansen and gretel david jones",0,1,0,66
"https://dave-blake.com/fashion-week-1/tag/Lucy+Markovic","lucy markovic",0,17,0,43.705882352941174
"https://dave-blake.com/fashion-week-1/tag/Lucy+Markovic","lucy markovic model",0,1,0,73
"https://dave-blake.com/fashion-week-1/tag/Roberta+Pecoraro","jessica pecoraro",0,1,0,89
"https://dave-blake.com/fashion-week-1/tag/Roberta+Pecoraro","ollie picton jones",0,2,0,78.5
"https://dave-blake.com/fashion-week-1/tag/Roberta+Pecoraro","roberta pecoraro",0,4,0,64
"https://dave-blake.com/gallery/story/personal/chaye-unfolding","chaye hartwell",0,13,0,12.307692307692308
"https://dave-blake.com/gosees","frankie bon scotney",0,5,0,17.6
"https://dave-blake.com/gosees","model go see",0,2,0,55.5
"https://dave-blake.com/gosees","siobhan mcgroarty nude",0,2,0,7
"https://dave-blake.com/home","blake daves",0,3,0,6
"https://dave-blake.com/home","dave blake",0,144,0,5.9375
"https://dave-blake.com/home","dave photography",0,4,0,25.5
"https://dave-blake.com/home","fashion photographer sydney",0,1,0,4
"https://dave-blake.com/model","beth hells kitchen",0,2,0,86.5
"https://dave-blake.com/model","julia cavanagh",0,17,0,12.941176470588236
"https://dave-blake.com/model","julia cavanagh age",0,4,0,2.75
"https://dave-blake.com/model","julia cavanagh model",0,2,0,3
"https://dave-blake.com/model","que models",0,1,0,45
"https://dave-blake.com/model-portfolios-1","beth claverie",0,14,0,51.785714285714285
"https://dave-blake.com/model-portfolios-1","beth hurrell",0,1,0,44
"https://dave-blake.com/model-portfolios-1","dave blake",0,1,0,54
"https://dave-blake.com/model-portfolios-1","hannah claverie",0,3,0,39.666666666666664
"https://dave-blake.com/model-portfolios-1","maja elmstrom",0,21,0,25.857142857142858
"https://dave-blake.com/model-portfolios-1","michelle bagarra",0,1,0,34
"https://dave-blake.com/model-portfolios-1","michelle bagarra nude",0,2,0,36
"https://dave-blake.com/model-portfolios-1","mollye rogel",0,4,0,28
"https://dave-blake.com/model-portfolios-1","victoria germyn",0,11,0,4
"https://dave-blake.com/model-portfolios-1","victoria germyn model",0,1,0,1
"https://dave-blake.com/model-portfolios/byron-bay","byron anderson model",0,8,0,1
"https://dave-blake.com/model-portfolios/byron-bay","byron bay model",0,3,0,6.666666666666667
"https://dave-blake.com/model-portfolios/byron-bay","byron bay model agency",0,11,0,9.9090909090909083
"https://dave-blake.com/model-portfolios/byron-bay","byron bay models",0,33,0,11.242424242424242
"https://dave-blake.com/model-portfolios/byron-bay","byron model",0,1,0,1
"https://dave-blake.com/model-portfolios/byron-bay","maja elmstrom",0,5,0,45
"https://dave-blake.com/model-portfolios/byron-bay","marvell lane brisbane",0,1,0,57
"https://dave-blake.com/model-portfolios/byron-bay","model agencies gold coast",0,2,0,97.5
"https://dave-blake.com/model-portfolios/byron-bay","model agency byron bay",0,17,0,8.117647058823529
"https://dave-blake.com/model-portfolios/byron-bay","model portfolio gold coast",0,10,0,35.8
"https://dave-blake.com/model-portfolios/byron-bay","model portfolio northen nsw",0,10,0,4.3
"https://dave-blake.com/model-portfolios/byron-bay","modeling agencies",0,1,0,32
"https://dave-blake.com/model-portfolios/byron-bay","modeling portfolio photographers",0,1,0,98
"https://dave-blake.com/model-portfolios/byron-bay","portfolio model agency",0,1,0,74
"https://dave-blake.com/model-portfolios/byron-bay","portfolio modelling agency",0,1,0,76
"https://dave-blake.com/model-portfolios/byron-bay","promotional models byron bay",0,3,0,85
"https://dave-blake.com/model-portfolios/sydney","fashion photographer sydney",0,82,0,95.463414634146346
"https://dave-blake.com/model-portfolios/sydney","fashion photographers sydney",0,2,0,86
"https://dave-blake.com/model-portfolios/sydney","kult models sydney",0,2,0,56.5
"https://dave-blake.com/model-portfolios/sydney","model photographer",0,1,0,55
"https://dave-blake.com/model-portfolios/sydney","model photography sydney",0,61,0,41.344262295081968
"https://dave-blake.com/model-portfolios/sydney","model portfolio photographer near me",0,1,0,21
"https://dave-blake.com/model-portfolios/sydney","modelling portfolio photographers",0,1,0,74
"https://dave-blake.com/model-portfolios/sydney","photographer for model portfolio",0,1,0,100
"https://dave-blake.com/model-portfolios/sydney","photographers for model portfolio",0,1,0,100
"https://dave-blake.com/model-portfolios/sydney","priscillas models sydney",0,2,0,84.5
"https://dave-blake.com/model-portfolios/sydney","sydney fashion photographer",0,60,0,90.533333333333331
"https://dave-blake.com/model-portfolios/tag/Byron+Bay","byron bay photography",0,1,0,100
"https://dave-blake.com/model-tests","$140usd to aud",0,3,0,41.333333333333336
"https://dave-blake.com/model-tests","commercial model portfolio",0,1,0,97
"https://dave-blake.com/model-tests","cost of portfolio shoot",0,1,0,78
"https://dave-blake.com/model-tests","fashion model portfolio photography",0,111,0,78.261261261261268
"https://dave-blake.com/model-tests","fashion model test",0,8,0,34.875
"https://dave-blake.com/model-tests","fashion photographer nyc",0,1,0,90
"https://dave-blake.com/model-tests","fashion photographer portfolio",0,8,0,86.875
"https://dave-blake.com/model-tests","fashion photographer rates",0,5,0,80.8
"https://dave-blake.com/model-tests","fashion photographers in nyc",0,1,0,101
"https://dave-blake.com/model-tests","fashion photographers model portfolio",0,11,0,85.63636363636364
"https://dave-blake.com/model-tests","fashion photography packages",0,2,0,36.5
"https://dave-blake.com/model-tests","fashion photography portfolios",0,1,0,96
"https://dave-blake.com/model-tests","fashion test",0,1,0,99
"https://dave-blake.com/model-tests","hannah claverie",0,1,0,47
"https://dave-blake.com/model-tests","lacey nelson model",0,1,0,55
"https://dave-blake.com/model-tests","model and photographer",0,1,0,99
"https://dave-blake.com/model-tests","model headshots nyc",0,2,0,39.5
"https://dave-blake.com/model-tests","model photographers nyc",0,1,0,7
"https://dave-blake.com/model-tests","model portfolio brisbane",0,8,0,52.875
"https://dave-blake.com/model-tests","model portfolio photographer",0,18,0,93.222222222222229
"https://dave-blake.com/model-tests","model portfolio photographer nyc",0,1,0,14
"https://dave-blake.com/model-tests","model portfolio photographers",0,1,0,59
"https://dave-blake.com/model-tests","model portfolio photography nyc",0,24,0,28.291666666666668
"https://dave-blake.com/model-tests","model portfolio photography prices",0,99,0,52.333333333333336
"https://dave-blake.com/model-tests","model portfolio price",0,2,0,63.5
"https://dave-blake.com/model-tests","model portfolio pricing",0,9,0,81.555555555555557
"https://dave-blake.com/model-tests","model test photoshoot",0,5,0,41.8
"https://dave-blake.com/model-tests","model test shoot",0,42,0,34.047619047619051
"https://dave-blake.com/model-tests","model test shoots",0,6,0,37.166666666666664
"https://dave-blake.com/model-tests","model test shots",0,1,0,41
"https://dave-blake.com/model-tests","model with photographer",0,1,0,99
"https://dave-blake.com/model-tests","modeling photographers in nyc",0,8,0,37.875
"https://dave-blake.com/model-tests","modeling portfolio cost",0,1,0,85
"https://dave-blake.com/model-tests","modeling portfolio photographers nyc",0,25,0,26.28
"https://dave-blake.com/model-tests","modeling portfolio prices",0,4,0,80.5
"https://dave-blake.com/model-tests","modeling test shoot",0,11,0,50.81818181818182
"https://dave-blake.com/model-tests","modelling photographer",0,20,0,93.2
"https://dave-blake.com/model-tests","modelling portfolio cost",0,3,0,93
"https://dave-blake.com/model-tests","mollye rogel",0,2,0,45.5
"https://dave-blake.com/model-tests","nyc model photographer",0,2,0,19
"https://dave-blake.com/model-tests","nyc model photographers",0,1,0,61
"https://dave-blake.com/model-tests","photographer for model",0,41,0,74.341463414634148
"https://dave-blake.com/model-tests","photographer for model shoot",0,1,0,76
"https://dave-blake.com/model-tests","photographer for modelling portfolio",0,2,0,88
"https://dave-blake.com/model-tests","photographer portfolio",0,1,0,185
"https://dave-blake.com/model-tests","portfolio packages",0,9,0,57.777777777777779
"https://dave-blake.com/model-tests","portfolio shoot price",0,9,0,49.444444444444443
"https://dave-blake.com/model-tests","portfolio shoots",0,2,0,74
"https://dave-blake.com/model-tests","test photoshoot",0,2,0,52.5
"https://dave-blake.com/model-tests","test shoot",0,6,0,63.5
"https://dave-blake.com/model-tests","test shoot model",0,21,0,43.047619047619051
"https://dave-blake.com/model-tests","test shoot photography",0,3,0,49.666666666666664
"https://dave-blake.com/model-tests","test shoots",0,1,0,74
"https://dave-blake.com/model-tests","test shoots for models",0,4,0,50.5
"https://dave-blake.com/model-tests","what is a test shoot in modeling",0,1,0,79
"https://dave-blake.com/model/2017/9/13/mollye-rogel","mollye rogel",0,4,0,12.5
"https://dave-blake.com/model/2017/9/22/lacey-nelson","lacey hells kitchen",0,1,0,65
"https://dave-blake.com/model/2017/9/22/lacey-nelson","lacey model",0,2,0,1
"https://dave-blake.com/model/2017/9/22/lacey-nelson","nelson lacey",0,3,0,6
"https://dave-blake.com/model/2017/9/24/ana-kondratjeva","anna kondratjeva",0,12,0,1.1666666666666667
"https://dave-blake.com/model/2017/9/27/julia-newbery-ma2l4","julia newberry",0,2,0,7
"https://dave-blake.com/model/2017/9/27/julia-newbery-ma2l4","julia newbery",0,11,0,3.0909090909090908
"https://dave-blake.com/model/2017/9/29/julia-cavanagh","julia cavanagh age",0,33,0,2.0606060606060606
"https://dave-blake.com/model/2017/9/29/julia-cavanagh","julia cavanagh naked",0,11,0,9.0909090909090917
"https://dave-blake.com/model/2017/9/29/julia-cavanagh","julia cavanagh nudes",0,4,0,7
"https://dave-blake.com/model/2017/9/29/julia-cavanagh","julia cavanagh playboy",0,5,0,4.2
"https://dave-blake.com/model/2017/9/29/julia-cavanagh","julia cavanagh series mag",0,2,0,10
"https://dave-blake.com/model/2017/9/29/julia-cavanagh","julia cavanagh sexy",0,1,0,10
"https://dave-blake.com/model/2017/9/29/julia-cavanagh","julia cavanagh tits",0,2,0,8
"https://dave-blake.com/model/2017/9/29/julia-cavanagh","julia cavanagh topless",0,4,0,6.75
"https://dave-blake.com/model/2017/9/29/julia-cavanagh","julia cavanaugh",0,5,0,50
"https://dave-blake.com/model/2017/9/29/julia-cavanagh","julia cavanaugh nude",0,8,0,4.625
"https://dave-blake.com/model/2017/9/29/julia-cavanagh","julia cavangh",0,11,0,2.3636363636363633
"https://dave-blake.com/model/2017/9/29/julia-cavanagh","julia model",0,25,0,1.4
"https://dave-blake.com/model/2017/9/29/julia-cavanagh","julia_cavanagh",0,19,0,2.7894736842105265
"https://dave-blake.com/model/2017/9/29/julia-cavanagh","julia_cavanagh nude",0,6,0,4.8333333333333339
"https://dave-blake.com/model/2017/9/5/beth-hurrell","beth hurrell",0,13,0,7.4615384615384617
"https://dave-blake.com/model/category/Model+Portfolio","julia cavanagh",0,5,0,1
"https://dave-blake.com/model/tag/Brisbane","brisbane fashion photographer",0,2,0,127
"https://dave-blake.com/model/tag/Que+Models","que models",0,20,0,59.4
"https://dave-blake.com/model/tag/Que+Models","quemodels",0,1,0,30
"https://dave-blake.com/model/tag/Scoop+Management","scoop management",0,4,0,95.5
"https://dave-blake.com/model/tag/Scoop+Management","scoop model management",0,3,0,71.666666666666671
"https://dave-blake.com/model/tag/Scoop+Management","scoop models sydney",0,1,0,42
"https://dave-blake.com/model/tag/Sydney","julia cavanagh",0,10,0,1.2
"https://dave-blake.com/model/tag/Sydney","julia newbery",0,5,0,2.6
"https://dave-blake.com/packages/model-portfolio-photographer","how much does a modelling portfolio cost",0,1,0,88
"https://dave-blake.com/packages/model-portfolio-photographer","model photoshoot price",0,6,0,71.833333333333329
"https://dave-blake.com/packages/model-portfolio-photographer","model portfolio photographer",0,6,0,97.333333333333329
"https://dave-blake.com/packages/model-portfolio-photographer","model portfolio photographers",0,3,0,99
"https://dave-blake.com/packages/model-portfolio-photographer","model portfolio photography nyc",0,23,0,47.130434782608695
"https://dave-blake.com/packages/model-portfolio-photographer","model portfolio photography prices",0,5,0,80.4
"https://dave-blake.com/packages/model-portfolio-photographer","model portfolio prices",0,1,0,90
"https://dave-blake.com/packages/model-portfolio-photographer","model test shoot rates",0,1,0,60
"https://dave-blake.com/packages/model-portfolio-photographer","modeling portfolio cost",0,4,0,88
"https://dave-blake.com/packages/model-portfolio-photographer","modeling portfolio photographers nyc",0,7,0,75.285714285714292
"https://dave-blake.com/packages/model-portfolio-photographer","modeling portfolio prices",0,1,0,69
"https://dave-blake.com/packages/model-portfolio-photographer","modelling portfolio cost",0,4,0,75.75
"https://dave-blake.com/packages/model-portfolio-photographer","modelling portfolio packages",0,42,0,96.4047619047619
"https://dave-blake.com/packages/model-portfolio-photographer","photoshoot portfolio package",0,100,0,58.41
"https://dave-blake.com/packages/model-portfolio-photographer","portfolio packages",0,1,0,15
"https://dave-blake.com/packages/model-portfolio-photographer","portfolio photoshoot price",0,1,0,60
"https://dave-blake.com/packages/model-portfolio-photographer","portfolio shoot price",0,1,0,73
"https://dave-blake.com/photographer","brisbane fashion photographer",0,1,0,123
"https://dave-blake.com/photographer","dave blake",0,1,0,48
"https://dave-blake.com/photographer","fashion photographer gold coast",0,107,0,46.644859813084111
"https://dave-blake.com/photographer","fashion photography gold coast",0,117,0,38.606837606837608
"https://dave-blake.com/photographer","fitness photographer sydney",0,3,0,98
"https://dave-blake.com/photographer","glamour fashion photographer gold coast",0,20,0,90.1
"https://dave-blake.com/photographer","model portfolio gold coast",0,8,0,32.375
"https://dave-blake.com/photographer","swimwear photographer",0,7,0,20.285714285714285
"https://dave-blake.com/photographer-in/byron-bay-for-model-portfolio-may-2020","2020 photography models",0,1,0,66
"https://dave-blake.com/photographer-in/byron-bay-for-model-portfolio-may-2020","byron bay models",0,3,0,29
"https://dave-blake.com/photographer-in/byron-bay-for-model-portfolio-may-2020","byron bay photographer",0,48,0,71.479166666666671
"https://dave-blake.com/photographer-in/byron-bay-for-model-portfolio-may-2020","byron bay photographers",0,54,0,73.740740740740748
"https://dave-blake.com/photographer-in/byron-bay-for-model-portfolio-may-2020","byron bay photography",0,28,0,68.214285714285708
"https://dave-blake.com/photographer-in/byron-bay-for-model-portfolio-may-2020","byron bay photoshoot locations",0,10,0,81.3
"https://dave-blake.com/photographer-in/byron-bay-for-model-portfolio-may-2020","isabelle van der tuin",0,2,0,54.5
"https://dave-blake.com/photographer-in/byron-bay-for-model-portfolio-may-2020","model portfolio northen nsw",0,9,0,6.1111111111111107
"https://dave-blake.com/photographer-in/byron-bay-for-model-portfolio-may-2020","model portfolio photographer",0,42,0,80.5
"https://dave-blake.com/photographer-in/byron-bay-for-model-portfolio-may-2020","model portfolio photographers",0,138,0,73.6159420289855
"https://dave-blake.com/photographer-in/byron-bay-for-model-portfolio-may-2020","model portfolio photography",0,27,0,86.074074074074076
"https://dave-blake.com/photographer-in/byron-bay-for-model-portfolio-may-2020","modeling portfolio photographer",0,2,0,85
"https://dave-blake.com/photographer-in/byron-bay-for-model-portfolio-may-2020","modeling portfolio photographers",0,4,0,74.75
"https://dave-blake.com/photographer-in/byron-bay-for-model-portfolio-may-2020","modelling photographer",0,1,0,102
"https://dave-blake.com/photographer-in/byron-bay-for-model-portfolio-may-2020","modelling portfolio packages",0,1,0,93
"https://dave-blake.com/photographer-in/byron-bay-for-model-portfolio-may-2020","modelling portfolio photographer",0,5,0,79.6
"https://dave-blake.com/photographer-in/byron-bay-for-model-portfolio-may-2020","modelling portfolio photographers",0,1,0,86
"https://dave-blake.com/photographer-in/byron-bay-for-model-portfolio-may-2020","photographer byron bay",0,1,0,68
"https://dave-blake.com/photographer-in/byron-bay-for-model-portfolio-may-2020","photographer for model portfolio",0,3,0,67.666666666666671
"https://dave-blake.com/photographer-in/byron-bay-for-model-portfolio-may-2020","photographer for modeling portfolio",0,4,0,85
"https://dave-blake.com/photographer-in/byron-bay-for-model-portfolio-may-2020","photographer for modelling portfolio",0,1,0,94
"https://dave-blake.com/photographer-in/byron-bay-for-model-portfolio-may-2020","photographers byron bay",0,8,0,105.5
"https://dave-blake.com/photographer-in/byron-bay-for-model-portfolio-may-2020","photographers for model portfolio",0,2,0,68.5
"https://dave-blake.com/photographer-in/byron-bay-for-model-portfolio-may-2020","photographers for modeling portfolios",0,2,0,95.5
"https://dave-blake.com/photographer-in/byron-bay-for-model-portfolio-may-2020","photography byron bay",0,2,0,73.5
"https://dave-blake.com/photographer-in/byron-bay-for-model-portfolio-may-2020","professional photographer for model portfolio",0,1,0,89
"https://dave-blake.com/photographer-in/miami-beach-for-swim-show-swim-week-2019","miami swim week 2019 models",0,1,0,91
"https://dave-blake.com/photographer/2016/10/13/gold-coast-fashion-photographer","city chic orion",0,1,0,58
"https://dave-blake.com/photographer/2016/10/13/gold-coast-fashion-photographer","fashion photographer gold coast",0,158,0,40.658227848101269
"https://dave-blake.com/photographer/2016/10/13/gold-coast-fashion-photographer","fashion photography gold coast",0,117,0,44.205128205128204
"https://dave-blake.com/photographer/2016/10/13/gold-coast-fashion-photographer","glamour fashion photographer gold coast",0,32,0,68.3125
"https://dave-blake.com/photographer/2016/10/13/gold-coast-fashion-photographer","gold coast fashion",0,1,0,91
"https://dave-blake.com/photographer/2016/10/13/gold-coast-fashion-photographer","model photographer gold coast",0,16,0,90.25
"https://dave-blake.com/photographer/2016/10/13/gold-coast-fashion-photographer","model photography gold coast",0,1,0,96
"https://dave-blake.com/photographer/2016/10/13/gold-coast-fashion-photographer","swimwear photographer gold coast",0,2,0,48
"https://dave-blake.com/photographer/2016/9/12/byron-bay-swimwear-photography","byron bay swimwear",0,1,0,96
"https://dave-blake.com/photographer/2016/9/12/gold-coast-swimwear-photography","bikini models photographer gold coast",0,16,0,73.1875
"https://dave-blake.com/photographer/2016/9/12/gold-coast-swimwear-photography","swimwear photographer gold coast",0,34,0,29.117647058823529
"https://dave-blake.com/photographer/2016/9/12/gold-coast-swimwear-photography","swimwear photography gold coast",0,53,0,18.415094339622641
"https://dave-blake.com/photographer/2016/9/12/swimwear-photography-gold-coast","bikini models photographer gold coast",0,30,0,87.1
"https://dave-blake.com/photographer/2016/9/12/swimwear-photography-gold-coast","bikini photographer gold coast",0,30,0,21.433333333333334
"https://dave-blake.com/photographer/2016/9/12/swimwear-photography-gold-coast","fashion photographer gold coast",0,1,0,101
"https://dave-blake.com/photographer/2016/9/12/swimwear-photography-gold-coast","glamour fashion photographer gold coast",0,1,0,88
"https://dave-blake.com/photographer/2016/9/12/swimwear-photography-gold-coast","swimwear photographer",0,13,0,33.307692307692307
"https://dave-blake.com/photographer/2016/9/12/swimwear-photography-gold-coast","swimwear photographer gold coast",0,62,0,19.5
"https://dave-blake.com/photographer/2016/9/12/swimwear-photography-gold-coast","swimwear photography gold coast",0,58,0,15.706896551724139
"https://dave-blake.com/photographer/2017/10/5/model-portfolios-sydney","beatrice mcbride",0,1,0,32
"https://dave-blake.com/photographer/2017/10/5/model-portfolios-sydney","beth claverie",0,1,0,1
"https://dave-blake.com/photographer/2017/10/5/model-portfolios-sydney","kult models sydney",0,1,0,67
"https://dave-blake.com/photographer/2017/10/5/model-portfolios-sydney","maja elmstrom",0,1,0,52
"https://dave-blake.com/photographer/2017/10/5/sydney-model-portfolios","glamour modeling examples",0,12,0,68.75
"https://dave-blake.com/photographer/2017/10/5/sydney-model-portfolios","kult models sydney",0,1,0,71
"https://dave-blake.com/photographer/2017/10/5/sydney-model-portfolios","model photography sydney",0,42,0,94
"https://dave-blake.com/photographer/brisbane-fashion-photographer","brisbane fashion videographer",0,1,0,74
"https://dave-blake.com/photographer/brisbane-fashion-photographer","city chic orion",0,3,0,53.333333333333336
"https://dave-blake.com/photographer/brisbane-fashion-photographer","mari lederman",0,1,0,1
"https://dave-blake.com/photographer/brisbane-fashion-photographer","stephanie meehan brisbane",0,1,0,123
"https://dave-blake.com/photographer/brisbane-fashion-photographer","urban fashion photography",0,1,0,77
"https://dave-blake.com/photographer/brisbane-fashion-photographer","vacation ferrari girl",0,1,0,1
"https://dave-blake.com/photographer/category/Fitness+Lifestyle","fitness photographer sydney",0,1,0,98
"https://dave-blake.com/photographer/category/Swimwear+Photography","swimwear photographer",0,3,0,99
"https://dave-blake.com/photographer/health-fitness-lifestyle-brisbane-gold-coast-byron-bay","fitness photographer gold coast",0,63,0,44
"https://dave-blake.com/photographer/health-fitness-lifestyle-brisbane-gold-coast-byron-bay","fitness photographer sydney",0,3,0,82
"https://dave-blake.com/photographer/health-fitness-lifestyle-brisbane-gold-coast-byron-bay","fitness photography gold coast",0,37,0,42.54054054054054
"https://dave-blake.com/photographer/health-fitness-lifestyle-brisbane-gold-coast-byron-bay","gold coast fitness photographer",0,59,0,50.66101694915254
"https://dave-blake.com/photographer/health-fitness-lifestyle-brisbane-gold-coast-byron-bay","gold coast lifestyle photographer",0,169,0,90
"https://dave-blake.com/photographer/health-fitness-lifestyle-brisbane-gold-coast-byron-bay","lifestyle photographer gold coast",0,1,0,79
"https://dave-blake.com/photographer/swimwear-in-sydney","swimwear photographer",0,12,0,86.916666666666671
"https://dave-blake.com/photographer/swimwear-photography-sydney","beach photography sydney",0,2,0,62.5
"https://dave-blake.com/photographer/swimwear-photography-sydney","bikini photographer",0,61,0,45.131147540983605
"https://dave-blake.com/photographer/swimwear-photography-sydney","ocean mystery swimwear",0,1,0,71
"https://dave-blake.com/photographer/swimwear-photography-sydney","swim photographer",0,9,0,80.222222222222229
"https://dave-blake.com/photographer/swimwear-photography-sydney","swimwear photographer",0,55,0,32.454545454545453
"https://dave-blake.com/photographer/swimwear-photography-sydney","swimwear photography",0,4,0,44.75
"https://dave-blake.com/photographer/sydney-swimwear-photography","ocean mystery swimwear",0,1,0,17
"https://dave-blake.com/photographer/sydney-swimwear-photography","swimwear photographer",0,96,0,85.760416666666671
"https://dave-blake.com/photographer/tag/Fashion+Photography+Gold+Coast","fashion photography gold coast",0,1,0,38
"https://dave-blake.com/photographer/tag/Fitness+Lifestyle+Photography+Brisbane","fitness photographer gold coast",0,61,0,74.491803278688522
"https://dave-blake.com/photographer/tag/Fitness+Lifestyle+Photography+Brisbane","fitness photographer sydney",0,21,0,95
"https://dave-blake.com/photographer/tag/Fitness+Lifestyle+Photography+Brisbane","fitness photography gold coast",0,37,0,76.729729729729726
"https://dave-blake.com/photographer/tag/Fitness+Lifestyle+Photography+Brisbane","gold coast fitness photographer",0,44,0,92.795454545454547
"https://dave-blake.com/photographer/tag/Gold+Coast+Swimwear+Photographer","bikini photographer gold coast",0,25,0,19.76
"https://dave-blake.com/photographer/tag/Gold+Coast+Swimwear+Photographer","gold coast swimwear",0,2,0,96.5
"https://dave-blake.com/photographer/tag/Gold+Coast+Swimwear+Photographer","swimwear gold coast",0,44,0,96.772727272727266
"https://dave-blake.com/photographer/tag/Gold+Coast+Swimwear+Photographer","swimwear photographer",0,1,0,30
"https://dave-blake.com/photographer/tag/Gold+Coast+Swimwear+Photographer","swimwear photography gold coast",0,2,0,14.5
"https://dave-blake.com/photographer/tag/Gold+Coast+Swimwear+photography","gold coast swimwear",0,1,0,100
"https://dave-blake.com/photographer/tag/Gold+Coast+Swimwear+photography","swimwear gold coast",0,3,0,100
"https://dave-blake.com/photographer/tag/Gold+Coast+Swimwear+photography","swimwear photographer",0,7,0,23.571428571428573
"https://dave-blake.com/photographer/tag/Swimwear+photographer+Gold+Coast","bikini models photographer gold coast",0,6,0,76.666666666666671
"https://dave-blake.com/photographer/tag/Swimwear+photographer+Gold+Coast","bikini photographer gold coast",0,8,0,29.25
"https://dave-blake.com/photographer/tag/Swimwear+photographer+Gold+Coast","gold coast photographer",0,1,0,71
"https://dave-blake.com/photographer/tag/Swimwear+photographer+Gold+Coast","gold coast swimwear",0,1,0,88
"https://dave-blake.com/photographer/tag/Swimwear+photographer+Gold+Coast","swimwear gold coast",0,3,0,95.333333333333329
"https://dave-blake.com/photography-workshops","blake daves",0,1,0,10
"https://dave-blake.com/photography-workshops","dave blake",0,6,0,8
"https://dave-blake.com/photography-workshops","ebony let",0,5,0,9.8
"https://dave-blake.com/photography-workshops/course-building-your-fashion-beauty-portfolio-with-agency-models-online-byron-bay","beauty photography course",0,42,0,60.023809523809526
"https://dave-blake.com/photography-workshops/course-building-your-fashion-beauty-portfolio-with-agency-models-online-byron-bay","byron bay model agency",0,1,0,36
"https://dave-blake.com/photography-workshops/course-building-your-fashion-beauty-portfolio-with-agency-models-online-byron-bay","byron bay models",0,1,0,20
"https://dave-blake.com/photography-workshops/course-building-your-fashion-beauty-portfolio-with-agency-models-online-byron-bay","fashion photography courses",0,1,0,96
"https://dave-blake.com/photography-workshops/course-building-your-fashion-beauty-portfolio-with-agency-models-online-byron-bay","frankie bon scotney",0,20,0,7.8
"https://dave-blake.com/photography-workshops/course-building-your-fashion-beauty-portfolio-with-agency-models-online-byron-bay","ilona novacek",0,32,0,22.875
"https://dave-blake.com/photography-workshops/course-building-your-fashion-beauty-portfolio-with-agency-models-online-byron-bay","model photography course",0,2,0,8.5
"https://dave-blake.com/photography-workshops/course-building-your-fashion-beauty-portfolio-with-agency-models-online-byron-bay","online fashion photography courses",0,1,0,94
"https://dave-blake.com/photography-workshops/course-building-your-fashion-beauty-portfolio-with-agency-models-online-byron-bay","photography students looking for models",0,1,0,10
"https://dave-blake.com/photography-workshops/course-building-your-fashion-beauty-portfolio-with-agency-models-online-byron-bay","victoria germyn",0,33,0,49.18181818181818
"https://dave-blake.com/photography/beauty","dave blake",0,164,0,4.2621951219512191
"https://dave-blake.com/photography/fashion","andy kovszun",0,3,0,48
"https://dave-blake.com/photography/fashion","city chic orion",0,2,0,70
"https://dave-blake.com/photography/fashion","dave blake",0,164,0,4.2621951219512191
"https://dave-blake.com/photography/fashion","mari lederman",0,2,0,1
"https://dave-blake.com/photography/model-portfolios","victoria germyn",0,2,0,2
"https://dave-blake.com/photography/swimwear","michelle bagarra",0,5,0,23.4
"https://dave-blake.com/story/-kirsten-clemens-7up-fun","kirsten clemens",0,10,0,10
"https://dave-blake.com/story/-kirsten-clemens-7up-fun","kristen clemens",0,1,0,11
"https://dave-blake.com/story/2016/10/31/interview-with-millicent-lambert","millicent lambert",0,5,0,62.8
"https://dave-blake.com/story/2016/12/3/my-chat-with-millicent-lambert","millie lambert",0,12,0,2.583333333333333
"https://dave-blake.com/story/2016/12/7/bts-video-for-onebyone-campaign","onebyone clothing",0,15,0,70.066666666666663
"https://dave-blake.com/story/2016/6/20/-kirsten-clemens-left-hand-free-video","kirsten clemens",0,3,0,75.666666666666671
"https://dave-blake.com/story/2017/11/8/annie-ericson-pools-of-blue","annie ericson",0,1,0,54
"https://dave-blake.com/story/2017/12/19/swimwear-galore-17-iwillembracesummer-campaign","swimwear galore sydney",0,2,0,71.5
"https://dave-blake.com/story/2017/2/21/susie-collins","susi collins",0,1,0,3
"https://dave-blake.com/story/2017/2/21/susie-collins","susie collins",0,568,0,2.322183098591549
"https://dave-blake.com/story/2017/2/27/m1aw86n0ot90ifd63dy202bqr8j3up","alt swim",0,9,0,49.888888888888886
"https://dave-blake.com/story/2017/2/27/m1aw86n0ot90ifd63dy202bqr8j3up","steph rayner",0,2,0,1
"https://dave-blake.com/story/2017/2/28/gymshark-womens-robin-gallant","gymshark photography",0,8,0,85
"https://dave-blake.com/story/2017/2/28/gymshark-womens-robin-gallant","robin gallant",0,68,0,66.25
"https://dave-blake.com/story/2017/2/28/gymshark-womens-robin-gallant","robin gallant gymshark",0,8,0,32.125
"https://dave-blake.com/story/2017/2/28/gymshark-womens-robin-gallant","robin gallant instagram",0,3,0,78
"https://dave-blake.com/story/2017/2/28/gymshark-womens-robin-gallant","robingallantt",0,3,0,41.333333333333336
"https://dave-blake.com/story/2017/3/10/isabelle","isabelle van der tuin",0,5,0,11.4
"https://dave-blake.com/story/2017/3/10/isabelle","viviens model management",0,5,0,63.8
"https://dave-blake.com/story/2017/3/17/miilk-swimwear","jayde heath",0,1,0,37
"https://dave-blake.com/story/2017/3/17/miilk-swimwear","jayde stella",0,8,0,74.375
"https://dave-blake.com/story/2017/5/10/clean-living-co","clean living inc",0,6,0,78.5
"https://dave-blake.com/story/2017/5/29/fashion-week-virgin-mbfwa-2017","chloe worthington",0,1,0,1
"https://dave-blake.com/story/2017/5/29/fashion-week-virgin-mbfwa-2017","zoe cross model",0,1,0,3
"https://dave-blake.com/story/2017/7/19/adidas-ultraboost-x-campaign","maddie jade coates",0,1,0,1
"https://dave-blake.com/story/2017/8/16/della-notte","paola aru",0,3,0,53
"https://dave-blake.com/story/2017/9/13/mollye-rogel","mollye rogel",0,4,0,24.5
"https://dave-blake.com/story/2017/9/22/lacey-nelson","lacey hells kitchen",0,2,0,51.5
"https://dave-blake.com/story/2017/9/22/lacey-nelson","lacey nelson",0,31,0,4.67741935483871
"https://dave-blake.com/story/2017/9/22/lacey-nelson","lacy nelson",0,3,0,11
"https://dave-blake.com/story/2017/9/5/beth-hurrell","beth hurrell",0,127,0,3.0551181102362204
"https://dave-blake.com/story/2018/3/22/kate","kateraw",0,1,0,41
"https://dave-blake.com/story/2018/6/10/zi-life-swimwear-campaign-byron-bay-jodi-lee","jodi lee model",0,2,0,34
"https://dave-blake.com/story/2018/6/10/zi-life-swimwear-campaign-byron-bay-jodi-lee","monet print dress",0,1,0,9
"https://dave-blake.com/story/2018/6/10/zi-life-swimwear-campaign-byron-bay-jodi-lee","zi",0,2,0,3
"https://dave-blake.com/story/2018/6/5/ehlana-raw","ehlana",0,5,0,86.8
"https://dave-blake.com/story/2018/6/5/ehlana-raw","nuvu magazine",0,2,0,95.5
"https://dave-blake.com/story/2018/8/30/summer-is-calling-elle-mcnamara","blake mcnamara",0,1,0,1
"https://dave-blake.com/story/2018/8/30/summer-is-calling-elle-mcnamara","elle mcnamara",0,11,0,57.727272727272727
"https://dave-blake.com/story/2018/8/8/kane-anderson","bilder von kult models",0,1,0,4
"https://dave-blake.com/story/2018/8/8/kane-anderson","cane anderson",0,4,0,3
"https://dave-blake.com/story/2018/8/8/kane-anderson","kane anderson",0,387,0,2.5968992248062017
"https://dave-blake.com/story/2018/8/8/kane-anderson","kult models",0,1,0,10
"https://dave-blake.com/story/2018/8/8/kane-anderson","kult models sydney",0,4,0,54
"https://dave-blake.com/story/2018/charlotte-coqueline-img-sydney","_charlotte_raw insta",0,1,0,9
"https://dave-blake.com/story/2018/charlotte-coqueline-img-sydney","charlotte coquelin",0,25,0,47.68
"https://dave-blake.com/story/2018/ruby-yaya-fashion-villa-rustica","villa rustica byron bay",0,4,0,40.25
"https://dave-blake.com/story/2019/alys-hale-model-writer","hale model",0,9,0,4.2222222222222223
"https://dave-blake.com/story/2020/podcast-interview-with-chaye-hartwell","chaye hartwell",0,31,0,9.32258064516129
"https://dave-blake.com/story/?category=Swimwear","blake lane nyc",0,5,0,87.4
"https://dave-blake.com/story/?category=Swimwear","jayde heath",0,1,0,77
"https://dave-blake.com/story/?category=Swimwear","natyse chan",0,1,0,29
"https://dave-blake.com/story/?category=Swimwear","swimwear galore gold coast",0,1,0,64
"https://dave-blake.com/story/abbey-maher-viviens-balistarz-lifes-a-beach","balistarz",0,3,0,6.333333333333333
"https://dave-blake.com/story/abigail-oneill-beauty","abbie o'neill",0,44,0,1
"https://dave-blake.com/story/abigail-oneill-beauty","abby o",0,1,0,1
"https://dave-blake.com/story/abigail-oneill-beauty","abby o neill",0,26,0,25.153846153846153
"https://dave-blake.com/story/abigail-oneill-beauty","abby o'neill",0,572,0,4.9825174825174825
"https://dave-blake.com/story/abigail-oneill-beauty","abby o'neill model",0,24,0,1
"https://dave-blake.com/story/abigail-oneill-beauty","abby oneil",0,126,0,3.2619047619047619
"https://dave-blake.com/story/abigail-oneill-beauty","abby oneill",0,191,0,4.8062827225130889
"https://dave-blake.com/story/abigail-oneill-beauty","abby oniel",0,6,0,3
"https://dave-blake.com/story/abigail-oneill-beauty","abby oniell",0,5,0,6
"https://dave-blake.com/story/abigail-oneill-beauty","abby o’neill",0,31,0,6.709677419354839
"https://dave-blake.com/story/abigail-oneill-beauty","abby_oneill",0,27,0,3.1851851851851851
"https://dave-blake.com/story/abigail-oneill-beauty","abigail blake photography",0,55,0,55.763636363636365
"https://dave-blake.com/story/abigail-oneill-beauty","abigail model",0,24,0,2.666666666666667
"https://dave-blake.com/story/abigail-oneill-beauty","abigail o",0,58,0,1.396551724137931
"https://dave-blake.com/story/abigail-oneill-beauty","abigail o neil",0,20,0,10.75
"https://dave-blake.com/story/abigail-oneill-beauty","abigail o neill model",0,25,0,33.76
"https://dave-blake.com/story/abigail-oneill-beauty","abigail o'neil",0,9,0,1
"https://dave-blake.com/story/abigail-oneill-beauty","abigail o'neill australia model",0,1,0,11
"https://dave-blake.com/story/abigail-oneill-beauty","abigail oneal",0,32,0,11.9375
"https://dave-blake.com/story/abigail-oneill-beauty","abigail oneil",0,248,0,1.0443548387096775
"https://dave-blake.com/story/abigail-oneill-beauty","abigail oneil model",0,24,0,1
"https://dave-blake.com/story/abigail-oneill-beauty","abigail oneill",0,378,0,1.0264550264550265
"https://dave-blake.com/story/abigail-oneill-beauty","abigail oneill model",0,8,0,1
"https://dave-blake.com/story/abigail-oneill-beauty","abigail oniel",0,35,0,1
"https://dave-blake.com/story/abigail-oneill-beauty","abigail oniell",0,1,0,1
"https://dave-blake.com/story/abigail-oneill-beauty","abigail o’neill",0,448,0,1.0892857142857142
"https://dave-blake.com/story/abigail-oneill-beauty","model abigail",0,4,0,9.5
"https://dave-blake.com/story/abigail-oneill-beauty","model abigail o'neill",0,22,0,1
"https://dave-blake.com/story/abigail-oneill-beauty","o'neill model",0,3,0,1
"https://dave-blake.com/story/andy-kovszun-stitchandhide21","stitch and hide byron bay",0,1,0,50
"https://dave-blake.com/story/anouk-daddo-img-models-beauty","anouk bibi daddo",0,6,0,24.166666666666668
"https://dave-blake.com/story/anouk-daddo-img-models-beauty","felix daddo",0,1,0,1
"https://dave-blake.com/story/audrey-bradford-imd-inc-mavrick-agency-chasing-waterfalls","audrey bradford cam",0,1,0,46
"https://dave-blake.com/story/audrey-bradford-imd-inc-mavrick-agency-chasing-waterfalls","audrey bradfort",0,1,0,42
"https://dave-blake.com/story/audrey-bradford-imd-inc-mavrick-agency-chasing-waterfalls","audry bradford",0,1,0,34
"https://dave-blake.com/story/audrey-bradford-imd-inc-mavrick-agency-chasing-waterfalls","drey bradford",0,21,0,29.904761904761905
"https://dave-blake.com/story/audrey-bradford-imd-inc-mavrick-agency-chasing-waterfalls","mavrick agency",0,4,0,84
"https://dave-blake.com/story/caroline-low-img-models-beauty","alison brie",0,1,0,1
"https://dave-blake.com/story/caroline-low-img-models-beauty","ana de armas",0,1,0,1
"https://dave-blake.com/story/caroline-low-img-models-beauty","caroline lowe",0,83,0,1
"https://dave-blake.com/story/caroline-low-img-models-beauty","caroline lowe age",0,3,0,71.333333333333329
"https://dave-blake.com/story/caroline-low-img-models-beauty","caroline raw",0,2,0,57.5
"https://dave-blake.com/story/caroline-low-img-models-beauty","erin foster",0,1,0,1
"https://dave-blake.com/story/caroline-low-img-models-beauty","toni garrn",0,1,0,1
"https://dave-blake.com/story/caroline-lowe-img-models-beauty-gold-eyeshadow","alison brie",0,1,0,1
"https://dave-blake.com/story/caroline-lowe-img-models-beauty-gold-eyeshadow","ana de armas",0,1,0,1
"https://dave-blake.com/story/caroline-lowe-img-models-beauty-gold-eyeshadow","caroline lowe",0,103,0,13.864077669902912
"https://dave-blake.com/story/caroline-lowe-img-models-beauty-gold-eyeshadow","caroline lowe age",0,2,0,61
"https://dave-blake.com/story/caroline-lowe-img-models-beauty-gold-eyeshadow","erin foster",0,1,0,1
"https://dave-blake.com/story/caroline-lowe-img-models-beauty-gold-eyeshadow","toni garrn",0,1,0,1
"https://dave-blake.com/story/category/Commercial","blake lane nyc",0,1,0,79
"https://dave-blake.com/story/category/Lifestyle","carlie philby",0,1,0,24
"https://dave-blake.com/story/category/Portrait","beth hurrell",0,1,0,38
"https://dave-blake.com/story/category/Swimwear","natyse chan",0,1,0,26
"https://dave-blake.com/story/category/Swimwear","swimwear galore gold coast",0,1,0,50
"https://dave-blake.com/story/category/video","dave blake",0,2,0,63.5
"https://dave-blake.com/story/charlotte-she-does-as-she-pleases","charlotte coquelin",0,12,0,78.666666666666671
"https://dave-blake.com/story/enzo-and-toto-aw19-abigail-oneill-deux-belettes","abigail o'neill australia model",0,1,0,70
"https://dave-blake.com/story/enzo-and-toto-aw19-abigail-oneill-deux-belettes","enzo & toto",0,5,0,10.6
"https://dave-blake.com/story/enzo-and-toto-aw19-abigail-oneill-deux-belettes","enzo & toto byron bay",0,4,0,14.5
"https://dave-blake.com/story/enzo-and-toto-aw19-abigail-oneill-deux-belettes","enzo and toto",0,39,0,16.564102564102562
"https://dave-blake.com/story/enzo-and-toto-aw19-abigail-oneill-deux-belettes","enzo and toto byron bay",0,6,0,19.833333333333332
"https://dave-blake.com/story/facesoffashionweek/nyfw-19","olivia o vinten",0,2,0,1
"https://dave-blake.com/story/facesoffashionweek/nyfw-19","оливия винтен",0,3,0,1
"https://dave-blake.com/story/fishermans-friend-beauty-editorial","chelsea donaldson",0,10,0,58.3
"https://dave-blake.com/story/isadora-vieira-beauty","arthur paulo vieira",0,4,0,1
"https://dave-blake.com/story/isadora-vieira-beauty","ingrid vieira",0,3,0,1
"https://dave-blake.com/story/isadora-vieira-beauty","isadora blake",0,1,0,33
"https://dave-blake.com/story/isadora-vieira-beauty","isadora vieira mae",0,1,0,1
"https://dave-blake.com/story/isadora-vieira-beauty","mia hawkswell",0,5,0,62.2
"https://dave-blake.com/story/isadora-vieira-beauty","mia hawkswell makeup",0,6,0,59.833333333333336
"https://dave-blake.com/story/isadora-vieira-beauty","paula cristina vieira",0,1,0,1
"https://dave-blake.com/story/isadora-vieira-beauty","viviane araújo",0,1,0,1
"https://dave-blake.com/story/kirsten-clemens-model-video-showreel","kirsten clemens",0,5,0,43.2
"https://dave-blake.com/story/kirsten-clemens-model-video-showreel","kristen clemens",0,1,0,11
"https://dave-blake.com/story/marvell-lane-swim-laura-wells-c18","laura wells bikini",0,1,0,1
"https://dave-blake.com/story/marvell-lane-swim-laura-wells-c18","marvell lane",0,1,0,9
"https://dave-blake.com/story/marvell-lane-swim-laura-wells-c18","marvell lane byron bay",0,2,0,77
"https://dave-blake.com/story/marvell-lane-swim-laura-wells-c18","marvell lane swimwear",0,3,0,49.333333333333336
"https://dave-blake.com/story/michelle-bagarra-model-beach-video-062020","bagarra",0,2,0,69
"https://dave-blake.com/story/michelle-bagarra-model-beach-video-062020","michelle bagarra",0,1,0,42
"https://dave-blake.com/story/michelle-bagarra-model-beach-video-062020","michelle beaute",0,1,0,1
"https://dave-blake.com/story/personal/35mm-kodak-ektachrome-e100-cross-processed-nikon-f100-70-200-28-f4","cross process ektachrome",0,5,0,78.2
"https://dave-blake.com/story/personal/35mm-kodak-ektachrome-e100-cross-processed-nikon-f100-70-200-28-f4","cross processed ektachrome",0,2,0,77.5
"https://dave-blake.com/story/personal/35mm-kodak-ektachrome-e100-cross-processed-nikon-f100-70-200-28-f4","cross processing ektachrome",0,4,0,61.25
"https://dave-blake.com/story/personal/35mm-kodak-ektachrome-e100-cross-processed-nikon-f100-70-200-28-f4","e100 film 35mm",0,2,0,11
"https://dave-blake.com/story/personal/35mm-kodak-ektachrome-e100-cross-processed-nikon-f100-70-200-28-f4","ektachrome 100 35mm",0,3,0,92
"https://dave-blake.com/story/personal/35mm-kodak-ektachrome-e100-cross-processed-nikon-f100-70-200-28-f4","ektachrome 35mm",0,19,0,89.473684210526315
"https://dave-blake.com/story/personal/35mm-kodak-ektachrome-e100-cross-processed-nikon-f100-70-200-28-f4","ektachrome cross process",0,6,0,63.666666666666664
"https://dave-blake.com/story/personal/35mm-kodak-ektachrome-e100-cross-processed-nikon-f100-70-200-28-f4","ektachrome e100",0,24,0,82.833333333333329
"https://dave-blake.com/story/personal/35mm-kodak-ektachrome-e100-cross-processed-nikon-f100-70-200-28-f4","ektachrome e100 35mm",0,4,0,98.5
"https://dave-blake.com/story/personal/35mm-kodak-ektachrome-e100-cross-processed-nikon-f100-70-200-28-f4","kodak 80s",0,1,0,81
"https://dave-blake.com/story/personal/35mm-kodak-ektachrome-e100-cross-processed-nikon-f100-70-200-28-f4","kodak blake",0,1,0,1
"https://dave-blake.com/story/personal/35mm-kodak-ektachrome-e100-cross-processed-nikon-f100-70-200-28-f4","kodak ektachrome 35mm",0,5,0,83.8
"https://dave-blake.com/story/personal/35mm-kodak-ektachrome-e100-cross-processed-nikon-f100-70-200-28-f4","kodak ektachrome e100",0,33,0,86
"https://dave-blake.com/story/personal/35mm-kodak-ektachrome-e100-cross-processed-nikon-f100-70-200-28-f4","kodak ektachrome e100 35mm",0,2,0,96
"https://dave-blake.com/story/personal/35mm-kodak-ektachrome-e100-cross-processed-nikon-f100-70-200-28-f4","kodak ektachrome e100 photos",0,2,0,82.5
"https://dave-blake.com/story/personal/35mm-kodak-ektachrome-e100-cross-processed-nikon-f100-70-200-28-f4","kodak ektachrome e100 review",0,1,0,92
"https://dave-blake.com/story/personal/35mm-kodak-ektachrome-e100-cross-processed-nikon-f100-70-200-28-f4","lauren johansen-bell",0,1,0,1
"https://dave-blake.com/story/personal/barbara-di-creddo-img-new-york","barbara di creddo instagram",0,1,0,22
"https://dave-blake.com/story/personal/michelle-bagarra-quantum-jumping","bagarra",0,1,0,78
"https://dave-blake.com/story/personal/michelle-bagarra-quantum-jumping","michelle bagarra",0,2,0,22
"https://dave-blake.com/story/postcards-from-paradise","bridget mcmahon",0,4,0,90.5
"https://dave-blake.com/story/tag/Beth+Hurrell","beth hurrel",0,1,0,10
"https://dave-blake.com/story/tag/Beth+Hurrell","beth hurrell",0,24,0,11.833333333333334
"https://dave-blake.com/story/tag/Campaign","carlie philby",0,2,0,26
"https://dave-blake.com/story/tag/Campaign","natyse chan",0,1,0,32
"https://dave-blake.com/story/tag/Chiara+Dorward","chiara dorward",0,5,0,10.4
"https://dave-blake.com/story/tag/Commercial","andy kovszun",0,1,0,62
"https://dave-blake.com/story/tag/Commercial","carlie philby",0,2,0,26.5
"https://dave-blake.com/story/tag/Egith+van+Dinther","egith",0,5,0,41
"https://dave-blake.com/story/tag/Georgia+Jones","georgia jones model",0,3,0,50
"https://dave-blake.com/story/tag/Isabelle+van+der+Tuin","isabella van der tuin",0,1,0,13
"https://dave-blake.com/story/tag/Jayde+Stella","jayde heath",0,6,0,15
"https://dave-blake.com/story/tag/Jayde+Stella","jayde stella",0,14,0,22.428571428571427
"https://dave-blake.com/story/tag/Julia+Durham","julia durham",0,122,0,1.3114754098360657
"https://dave-blake.com/story/tag/Julia+Durham","yaya julia",0,1,0,78
"https://dave-blake.com/story/tag/Julia+Newbery","julsnewbs",0,1,0,31
"https://dave-blake.com/story/tag/Lacey+Nelson","lacey hell's kitchen instagram",0,1,0,10
"https://dave-blake.com/story/tag/Lacey+Nelson","lacey nelson",0,138,0,5.6521739130434785
"https://dave-blake.com/story/tag/Lacey+Nelson","laceynelson",0,9,0,56.222222222222221
"https://dave-blake.com/story/tag/Lacey+Nelson","lacy nelson",0,3,0,11
"https://dave-blake.com/story/tag/Model","dallys models",0,5,0,58.8
"https://dave-blake.com/story/tag/Model","kirsten clemens",0,1,0,83
"https://dave-blake.com/story/tag/Scoop+Management","julia newbery",0,2,0,25
"https://dave-blake.com/story/tag/Scoop+Management","scoop management",0,13,0,39.384615384615387
"https://dave-blake.com/story/tag/Scoop+Management","scoop model management",0,3,0,90.333333333333329
"https://dave-blake.com/story/tag/Steph+Claire+Smith","steph claire smith age",0,4,0,62.5
"https://dave-blake.com/story/tag/monika+clarke","monika clarke",0,76,0,61.276315789473685
"https://dave-blake.com/story/tag/monika+clarke","monika clarke age",0,5,0,31.2
"https://dave-blake.com/story/tag/monika+clarke","monika clarke instagram",0,2,0,69.5
"https://dave-blake.com/story/tag/monika+clarke","monika clarke model",0,2,0,77
"https://dave-blake.com/story/tag/monika+clarke","monika dave photos",0,3,0,3.6666666666666665
"https://dave-blake.com/story/tag/monika+clarke","monika fliss",0,1,0,61
"https://dave-blake.com/story/tag/viviens+models","vivien's model management",0,3,0,42.666666666666664
"https://dave-blake.com/story/tag/viviens+models","viviens",0,9,0,89
"https://dave-blake.com/story/tag/viviens+models","viviens model management",0,8,0,82.5
"https://dave-blake.com/story/tag/viviens+models","viviens modelling",0,1,0,70
"https://dave-blake.com/videography/motion","dave blake",0,167,0,4.976047904191617
"https://dave-blake.com/vixen7676576","blake vixen",0,62,0,9.241935483870968
"https://dave-blake.com/vixen7676576","blake vixen.com",0,2,0,5
"https://dave-blake.com/vixen7676576","vixen blake",0,16,0,10.875
"https://dave-blake.com/vixen7676576","vixen photographer",0,3,0,5.333333333333333
"https://dave-blake.com/vixen7676576","vixen photography",0,7,0,57
"https://dave-blake.com/vixen7676576","vixen photoshoots",0,1,0,1
"https://dave-blake.com/vixen7676576","vixen raw",0,15,0,55.93333333333333
"https://dave-blake.com/vixen7676576","vixen.com blake",0,1,0,9
"https://dave-blake.com/vixen7676576","vixen: nyc",0,1,0,1
"https://dave-blake.com/workshops/2021/07/professional-photography-course-building-your-fashion-beauty-portfolio-with-agency-models-3-months-8-students-online-or-byron-bay","beauty photography course",0,2,0,66
"https://dave-blake.com/workshops/2021/07/professional-photography-course-building-your-fashion-beauty-portfolio-with-agency-models-3-months-8-students-online-or-byron-bay","byron bay models",0,1,0,40
"https://dave-blake.com/workshops/2021/07/professional-photography-course-building-your-fashion-beauty-portfolio-with-agency-models-3-months-8-students-online-or-byron-bay","model agency byron bay",0,1,0,31
"https://dave-blake.com/workshops/2021/07/professional-photography-course-building-your-fashion-beauty-portfolio-with-agency-models-3-months-8-students-online-or-byron-bay","model photography course",0,32,0,33.78125
"https://dave-blake.com/workshops/2021/07/professional-photography-course-building-your-fashion-beauty-portfolio-with-agency-models-3-months-8-students-online-or-byron-bay","model photography courses",0,3,0,14.666666666666666
"https://dave-blake.com/workshops/2021/07/professional-photography-course-building-your-fashion-beauty-portfolio-with-agency-models-3-months-8-students-online-or-byron-bay","model photography workshops",0,8,0,11
"https://dave-blake.com/workshops/2021/07/professional-photography-course-building-your-fashion-beauty-portfolio-with-agency-models-3-months-8-students-online-or-byron-bay","modeling photography course",0,1,0,89
"https://dave-blake.com/workshops/2021/10/professional-photography-course-building-your-fashion-beauty-portfolio-with-agency-models-3-months-8-students-online-or-byron-bay","3 month photography course",0,4,0,8.25
"https://dave-blake.com/workshops/2021/10/professional-photography-course-building-your-fashion-beauty-portfolio-with-agency-models-3-months-8-students-online-or-byron-bay","beauty photography course",0,13,0,36.153846153846153
"https://dave-blake.com/workshops/2021/10/professional-photography-course-building-your-fashion-beauty-portfolio-with-agency-models-3-months-8-students-online-or-byron-bay","model photography course",0,5,0,47.6
"https://dave-blake.com/workshops/2021/10/professional-photography-course-building-your-fashion-beauty-portfolio-with-agency-models-3-months-8-students-online-or-byron-bay","model photography courses",0,2,0,84
"https://dave-blake.com/workshops/2021/10/professional-photography-course-building-your-fashion-beauty-portfolio-with-agency-models-3-months-8-students-online-or-byron-bay","model photography workshops",0,1,0,100
