"query","clicks","impressions","ctr","position"
"modelling agencies brisbane",39,1286,0.030326594090202177,6.0451010886469669
"dave blake photography",26,67,0.38805970149253732,2.8955223880597014
"dave blake",22,336,0.065476190476190479,5.2619047619047619
"brisbane modelling agencies",9,642,0.014018691588785047,8.16355140186916
"lacey nelson model",7,70,0.1,4.7142857142857144
"modeling agencies brisbane",7,465,0.015053763440860216,8.3569892473118284
"lacey nelson",5,209,0.023923444976076555,3.5837320574162681
"model agencies brisbane",5,233,0.021459227467811159,8.0214592274678118
"top modelling agencies brisbane",5,119,0.042016806722689079,4.2016806722689077
"brisbane fashion photographer",4,73,0.0547945205479452,9.6164383561643838
"brisbane modelling agency",3,366,0.00819672131147541,7.1530054644808745
"fashion photographer brisbane",3,67,0.044776119402985072,8.4179104477611943
"modelling agency brisbane",3,483,0.0062111801242236021,8.658385093167702
"modelling brisbane",3,276,0.010869565217391304,10.47463768115942
"best modelling agencies brisbane",2,29,0.068965517241379309,4.137931034482758
"bikini photographer",2,19,0.10526315789473684,10.789473684210526
"brisbane modeling agencies",2,172,0.011627906976744186,7.8313953488372094
"fashion photographer sydney",2,76,0.026315789473684209,2.6447368421052628
"modelling agencies",2,307,0.0065146579804560263,17.250814332247558
"mollye rogel",2,145,0.013793103448275862,6.1724137931034484
"siobhan mcgroarty",2,187,0.0106951871657754,9.6470588235294112
"alys hale",1,78,0.01282051282051282,7.4871794871794872
"annie ericson",1,6,0.16666666666666666,16.166666666666664
"annie ericson nude",1,1,1,21
"anouk daddo",1,9,0.1111111111111111,5.333333333333333
"barbara di creddo",1,38,0.026315789473684209,12.026315789473685
"beth hurrell",1,19,0.052631578947368418,13.684210526315789
"bikini photographers",1,1,1,6
"brisbane model agency",1,267,0.0037453183520599251,7.7528089887640448
"byron bay models",1,98,0.01020408163265306,7.2244897959183669
"camera rentals",1,1,1,11
"carlie philby",1,48,0.020833333333333332,1.4375
"chaye hartwell",1,82,0.012195121951219513,8.3902439024390247
"fashion photographer",1,851,0.0011750881316098707,58.25734430082256
"frankie scotney",1,12,0.083333333333333329,6.083333333333333
"how much does a modeling portfolio cost",1,8,0.125,19.125
"isabelle van der tuin",1,15,0.066666666666666666,8.5333333333333332
"julia durham",1,107,0.0093457943925233638,2.9065420560747661
"kirsty clemments porn",1,3,0.33333333333333331,12.333333333333334
"lauren johansen-bell",1,1,1,13
"michelle bagarra nude",1,41,0.024390243902439025,6.2195121951219514
"model agency brisbane",1,230,0.0043478260869565218,10.226086956521739
"model test shoot",1,9,0.1111111111111111,5
"model test shoot rates",1,5,0.2,8.2
"modeling agency brisbane",1,261,0.0038314176245210726,8.64750957854406
"modelling agencies in brisbane",1,189,0.0052910052910052907,7.693121693121693
"modelling in brisbane",1,30,0.033333333333333333,8.4
"models brisbane",1,58,0.017241379310344827,14.362068965517242
"photoshoot portfolio package",1,11,0.090909090909090912,19.181818181818183
"rent a camera near me",1,2,0.5,6.5
"steph rayner bio",1,3,0.33333333333333331,19.666666666666668
"swimwear photographer",1,40,0.025,11.1
"top modelling agencies australia",1,15,0.066666666666666666,19.4
"#editorialphotographer",0,150,0,10.226666666666667
"#editorialphotography",0,62,0,13.016129032258064
"#fashionphotographer",0,51,0,13.607843137254902
"#modellingagencies",0,5,0,9.8
"#modelphotographer",0,3,0,8
"#monikaclarke",0,6,0,25.5
"#swimwearphotographer",0,7,0,9.1428571428571423
"#testshoots",0,2,0,7
"3 month photography course",0,2,0,3.5
"50 year old models wanted",0,1,0,1
"80s glam photoshoot",0,1,0,44
"_charlotte_raw insta",0,4,0,8.75
"a fashion photographer",0,1,0,9
"abbey maher",0,2,0,1.5
"abbey maher latest",0,11,0,6.4545454545454541
"abigail o neill",0,22,0,2.3636363636363633
"abigail o neill model",0,14,0,2.3571428571428572
"abigail o'neill",0,4,0,1
"abigail oneal",0,21,0,1.5238095238095237
"abigail oneil",0,1,0,1
"abigail oneill",0,2,0,1
"abigail o’neill",0,1,0,1
"achenrin madit",0,1,0,47
"acting agencies brisbane",0,20,0,73
"agencies for modeling",0,1,0,20
"agencies in brisbane",0,95,0,33.294736842105266
"agencies modeling",0,2,0,8.5
"agency model",0,1,0,82
"agency modeling near me",0,1,0,11
"aje coast denim jacket",0,1,0,33
"alicia herbeth nude",0,4,0,29
"alt swim",0,1,0,9
"and blake",0,1,0,4
"andrew blake photography",0,1,0,132
"anisha okpalanze",0,1,0,34
"annabella barber",0,13,0,11.692307692307692
"annie ericson model",0,3,0,5.666666666666667
"anouk bibi daddo",0,12,0,9.25
"anouk model",0,1,0,1
"any photos ?",0,1,0,10
"apply model agency",0,1,0,9
"audrey bradford",0,3,0,8.3333333333333321
"audrey bradford bio",0,32,0,8.875
"audrey bradford model",0,1,0,10
"audrey bradford x",0,2,0,6
"aus model agency",0,1,0,92
"australia model agency",0,2,0,85
"australia modeling agencies",0,7,0,70.142857142857139
"australia modelling agencies",0,4,0,67.25
"australian fashion photographer",0,34,0,34.058823529411768
"australian fashion photographers",0,12,0,17.166666666666668
"australian fashion photography",0,28,0,13.714285714285714
"australian model agencies",0,4,0,63.5
"australian modeling agencies",0,2,0,89.5
"australian modelling agencies",0,6,0,38.5
"bagarra",0,1,0,20
"balistarz model agency",0,1,0,19
"balke bay latest",0,1,0,30
"bayaje",0,3,0,18.333333333333332
"beach glamour photography",0,1,0,22
"beachboyd blake",0,8,0,16.25
"beauty model",0,1,0,1
"beauty models brisbane",0,1,0,11
"beauty photography course",0,28,0,15.928571428571429
"beauty portfolio",0,1,0,1
"beginner modelling agencies",0,1,0,9
"bella blake nude",0,1,0,14
"bella model management",0,1,0,83
"bella modeling agency",0,1,0,74
"bella modelling agency",0,90,0,64.944444444444443
"bella talent agency",0,1,0,98
"bellevive",0,1,0,27
"best agencies for modeling",0,1,0,62
"best agency for older models",0,72,0,74.25
"best model agencies",0,6,0,19.166666666666668
"best model agency",0,1,0,1
"best model agency australia",0,90,0,64.966666666666669
"best model companies",0,3,0,29.666666666666668
"best model portfolio photographers",0,93,0,18.172043010752688
"best modeling agencies",0,8,0,30.875
"best modeling agencies in australia",0,3,0,14.333333333333334
"best modeling agencies sydney",0,1,0,50
"best modeling agencies to send pictures",0,1,0,6
"best modeling agency",0,1,0,10
"best modeling agencys",0,1,0,10
"best modeling companies",0,2,0,75.5
"best modelling agencies",0,14,0,15
"best modelling agencies australia",0,12,0,16.5
"best modelling agencies gold coast",0,6,0,11.833333333333334
"best modelling agencies in australia",0,10,0,16.2
"best modelling agencies in sydney",0,4,0,56.75
"best modelling agencies near me",0,1,0,1
"best modelling agency",0,4,0,13.25
"best modelling agency australia",0,12,0,32.583333333333329
"best modelling agency sydney",0,11,0,82.454545454545453
"best models agency",0,2,0,19.5
"best models contact information",0,5,0,16.4
"best models modeling agency details",0,2,0,11
"best models modeling agency services",0,2,0,6
"best models reputation",0,2,0,16
"best mother agencies",0,1,0,4
"best photographer for model portfolio",0,9,0,82.888888888888886
"beth claverie",0,7,0,35.714285714285715
"beth hurrell nude",0,1,0,49
"beth undone nude",0,1,0,18
"big modeling agencies",0,2,0,64
"big modeling agency",0,1,0,62
"big modelling agencies",0,4,0,46
"biggest modeling agencies",0,1,0,79
"biggest modelling agencies",0,6,0,24.5
"bikini models photographer gold coast",0,1,0,12
"bikini photographer gold coast",0,4,0,23.75
"bikini photoshoot studio",0,1,0,4
"bimby and roy",0,2,0,5
"black and white fashion photographer",0,2,0,53.5
"blake camera",0,1,0,31
"blake dave",0,3,0,3.3333333333333335
"blake david",0,14,0,8.2857142857142847
"blake kane",0,1,0,1
"blake model",0,1,0,38
"blake model management",0,1,0,20
"blake nelson photography",0,2,0,46.5
"blake photo",0,12,0,13
"blake photography",0,74,0,8.6081081081081088
"blake photography latest",0,21,0,7.2857142857142856
"blake rose nude",0,1,0,9
"blake+photo",0,5,0,53.6
"blake.com",0,1,0,57
"blakebadazz",0,1,0,7
"blakecom",0,1,0,11
"blakedvs",0,2,0,2
"blakepolaroids latest",0,6,0,10.333333333333334
"blakes photography",0,7,0,7.8571428571428568
"body paint photo shoot",0,1,0,7
"book a model",0,5,0,71.6
"boudoir photography brisbane",0,1,0,81
"boudoir shoot brisbane",0,1,0,41
"boutique modeling agencies",0,2,0,11
"brand modeling agency",0,1,0,1
"brisbane acting agency",0,17,0,75.058823529411768
"brisbane agencies",0,40,0,61.175
"brisbane based street photographer",0,2,0,10.5
"brisbane beauty model",0,1,0,9
"brisbane beauty models",0,3,0,16.666666666666664
"brisbane boudoir photographer",0,2,0,61
"brisbane casting agency",0,4,0,24.25
"brisbane fashion videographer",0,8,0,25.125
"brisbane model",0,150,0,13.26
"brisbane model agencies",0,3,0,9.3333333333333339
"brisbane model latest",0,116,0,11.5
"brisbane modeling",0,25,0,12.92
"brisbane modeling agency",0,24,0,8.25
"brisbane modelling",0,250,0,10.452
"brisbane models",0,217,0,16.304147465437786
"brisbane models latest",0,17,0,16
"brisbane photographer",0,2,0,111
"brisbane talent agency",0,4,0,57.25
"brisbane videography",0,1,0,161
"build me a list of on-model photography packages.",0,1,0,4
"byron anderson model",0,4,0,1
"byron bay bathers",0,1,0,78
"byron bay lauren bell dress",0,2,0,1.5
"byron bay model",0,3,0,9.3333333333333339
"byron bay model latest",0,24,0,12.458333333333334
"byron bay photographer",0,19,0,45.789473684210527
"byron bay swimwear",0,5,0,61.2
"byron model",0,1,0,10
"byron models",0,7,0,14.857142857142858
"cam blake photography",0,8,0,31.75
"camera equipment hire",0,1,0,10
"camera hire near me",0,2,0,5
"camera lens hire",0,2,0,6
"camera lens rental",0,1,0,10
"camera rent",0,1,0,9
"camera rental gear",0,1,0,15
"camera.rental",0,1,0,7
"caroline lowe",0,7,0,6
"caroline lowe (carolinelowe) latest",0,16,0,16.125
"caroline lowe model",0,9,0,6.1111111111111107
"caroline raw",0,1,0,10
"casting agency brisbane",0,1,0,30
"charlotte coquelin",0,5,0,47.6
"charlotte coquelin nude",0,1,0,10
"chiara dorward",0,13,0,8.3076923076923066
"chic brisbane, modelling agency, brisbane",0,24,0,6.958333333333333
"chic management",0,1,0,9
"chic management brisbane latest",0,1,0,30
"child model agency brisbane",0,3,0,77.666666666666671
"chloe bau",0,1,0,35
"chloe wheatland nude",0,1,0,11
"chloe worthington",0,1,0,1
"cinematic gts vanessa",0,1,0,11
"clean living co",0,2,0,11.5
"clothing fashion photography",0,1,0,13
"clothing photographers",0,1,0,11
"cocoblake, creative director, latest",0,13,0,19.307692307692307
"commercial modeling agencies",0,23,0,64.565217391304344
"commercial modeling agencies near me",0,1,0,4
"commercial modelling agencies",0,2,0,82
"comp card",0,2,0,13
"contact model agency",0,2,0,66
"corporate photographer byron bay",0,17,0,79.764705882352942
"corporate photography byron bay",0,20,0,86.6
"d ballam photography",0,1,0,7
"dallys models",0,5,0,11.6
"danish models",0,4,0,2
"dave black photography",0,1,0,12
"dave blake, latest",0,9,0,15.777777777777779
"dave brisbane",0,13,0,6.0769230769230766
"dave philby",0,10,0,87.2
"dave photography",0,21,0,12
"dave photos",0,2,0,8.5
"dave photoshoot",0,4,0,8.75
"dave's photography",0,1,0,1
"david balke",0,2,0,4.5
"david ballam photography",0,1,0,7
"david blake",0,9,0,29.888888888888889
"david blake artist",0,1,0,5
"david blakes",0,2,0,7.5
"define editorial photography",0,1,0,10
"digital camera hire",0,1,0,4
"editorial model agency",0,2,0,7
"editorial modeling agencies",0,27,0,22.074074074074073
"editorial photograph definition characteristics",0,1,0,9
"editorial photography definition",0,1,0,9
"editorial vs documentary photography",0,1,0,1
"egith",0,1,0,1
"egith van dinther",0,3,0,7.666666666666667
"ehlana",0,7,0,94.571428571428569
"ella grantham",0,3,0,2.666666666666667
"elle brittain nude",0,1,0,5
"elle mcnamara",0,10,0,16.1
"ellie o'neill model",0,1,0,47
"equipment hire byron bay",0,35,0,28
"face modeling agencies",0,22,0,59.954545454545453
"famous modeling agencies",0,1,0,10
"famous modelling agencies",0,4,0,8
"fashion and beauty photographer",0,63,0,21.222222222222221
"fashion and editorial photography",0,1,0,13
"fashion model photography",0,1,0,7
"fashion model portfolio photography",0,1,0,96
"fashion model portfolios",0,10,0,58.2
"fashion modeling portfolio",0,1,0,94
"fashion modelling agencies",0,1,0,13
"fashion photographer australia",0,20,0,15.45
"fashion photographer gold coast",0,14,0,16.714285714285715
"fashion photographer latest",0,5,0,18.6
"fashion photographers",0,12,0,41.416666666666664
"fashion photographers model portfolio",0,1,0,77
"fashion photographers sydney",0,19,0,2.3157894736842106
"fashion photography",0,24,0,7.041666666666667
"fashion photography agency",0,1,0,1
"fashion photography course",0,4,0,12.5
"fashion photography course online",0,2,0,11
"fashion photography courses",0,3,0,9.3333333333333339
"fashion photography gold coast",0,11,0,25.545454545454547
"fashion photography packages",0,5,0,17
"fashion photography photographers",0,109,0,80.238532110091739
"fashion photography sydney",0,12,0,12.083333333333334
"fashion photography workshop",0,2,0,9.5
"fashion phtography",0,1,0,5
"fashion still life photographers",0,1,0,12
"fashion videographer brisbane",0,16,0,24.0625
"fashion videography brisbane",0,16,0,16
"fashionable photography",0,6,0,5
"female model portfolios",0,2,0,89.5
"female models for hire near me",0,1,0,5
"fitness photographer gold coast",0,19,0,18.94736842105263
"fitness phtographer gold coast",0,6,0,9.5
"foot model portfolio",0,3,0,96.333333333333329
"fotografo de moda",0,1,0,10
"frankie bon scotney",0,37,0,7.8648648648648649
"free modelling agencies",0,2,0,8.5
"freelance model brisbane",0,5,0,13.4
"gap studios brisbane",0,1,0,100
"genevieve peccinotti",0,1,0,11
"ghost modelling",0,1,0,6
"glamour fashion photographer gold coast",0,1,0,14
"glamour modeling agencies",0,2,0,8.5
"gold coast model agency",0,2,0,13.5
"gold coast model photography",0,1,0,88
"gold coast modelling",0,1,0,87
"gold coast modelling agencies",0,12,0,15.083333333333334
"gold coast modelling agency",0,3,0,15.333333333333334
"good model agencies",0,1,0,23
"good model agency",0,1,0,70
"good modeling agencies",0,11,0,39.363636363636367
"good modelling agencies",0,2,0,2
"great modeling agencies",0,5,0,31.4
"gymshark photography",0,1,0,60
"hair model portfolio",0,2,0,64.5
"hand model agency",0,1,0,10
"hand model agent",0,1,0,7
"hand model brisbane",0,6,0,11.833333333333334
"hand modeling agencies",0,1,0,1
"hand modelling brisbane",0,3,0,7
"hannah claverie",0,1,0,11
"high fashion modeling agencies",0,1,0,11
"hire a model",0,1,0,66
"hire model test photographers",0,2,0,16
"how much does a model portfolio cost",0,1,0,67
"how much does a portfolio cost",0,5,0,5
"how much is a portfolio for modeling",0,2,0,69.5
"how to apply for modelling",0,1,0,1
"how to become a model brisbane",0,3,0,9.6666666666666661
"how to become a model in brisbane",0,50,0,3.58
"how to book a model",0,60,0,83.716666666666669
"how to find a modeling agency",0,1,0,6
"how to find good modeling gigs?",0,2,0,6
"how to get a modelling agent",0,4,0,3.25
"how to get modeling agent",0,1,0,17
"how to get modelling jobs",0,3,0,1
"how to get signed by a modeling agency?",0,1,0,6
"how to get signed with a modelling agency",0,1,0,7
"img models brisbane",0,1,0,8
"in australia brisbane",0,1,0,14
"inclusive modeling agencies",0,1,0,75
"inclusive modelling agencies",0,1,0,58
"iphone battery replacement byron bay",0,1,0,58
"is a fashion and editorial photographer",0,5,0,1
"is there any modeling auditions near me",0,1,0,1
"isadora vieira",0,9,0,8
"jayde heath",0,3,0,18
"jayde stella",0,21,0,14.619047619047619
"jayde stella (jaydeheathh) latest",0,52,0,17.115384615384617
"jayde stella nude",0,9,0,10.888888888888889
"jessica picton warlow",0,1,0,50
"jordan barret shoes latest",0,23,0,16.173913043478262
"jordan barret walk",0,144,0,12.125
"jordan barret walk edit latest",0,1,0,20
"jordan barret walk latest latest",0,1,0,8
"jordan barrett",0,1,0,11
"jordan barrett 17",0,1,0,21
"jordan barrett 2017",0,5,0,56.4
"jordan barrett close up",0,1,0,10
"jordan barrett crying",0,1,0,9
"jordan barrett fashion",0,3,0,42.666666666666664
"jordan barrett fashion show",0,5,0,14.2
"jordan barrett feet",0,1,0,37
"jordan barrett front",0,1,0,39
"jordan barrett model runway",0,2,0,16
"jordan barrett outfits",0,2,0,16.5
"jordan barrett running",0,1,0,20
"jordan barrett runway",0,18,0,13.777777777777779
"jordan barrett runway walk",0,4,0,15
"jordan barrett shoes",0,4,0,19.75
"jordan barrett walk",0,104,0,11.942307692307692
"jordan barrett walk latest",0,65,0,11.292307692307693
"jordan barrett walking",0,11,0,14.181818181818182
"jordan barrett without makeup",0,1,0,25
"jul model agency",0,1,0,9
"julia newberry",0,7,0,2.2857142857142856
"julia newbery",0,3,0,3
"kane anderson",0,680,0,4.2911764705882351
"kate lane nude",0,1,0,37
"kateraw",0,8,0,9.625
"key modelling agency",0,11,0,50.363636363636367
"kirsten clemens",0,122,0,2.9836065573770494
"lacey hells kitchen",0,1,0,30
"lacy nelson",0,4,0,42
"leading modeling agencies",0,1,0,31
"legitimate modelling agencies",0,2,0,4.5
"lilli robinson",0,1,0,7
"lily hoffman nude",0,2,0,14
"lingerie model agency",0,33,0,81.242424242424249
"local modeling agencies",0,1,0,18
"local modelling agencies near me",0,1,0,6
"looking for models near me",0,1,0,1
"lostandfound",0,1,0,1
"lucie blake photography",0,1,0,27
"lémoda",0,1,0,42
"macbook battery replacement byron bay",0,1,0,55
"maja elmstrom",0,3,0,13.333333333333334
"maja elmström",0,2,0,9
"major model management paris",0,1,0,78
"make up model",0,1,0,1
"make up modeling",0,1,0,3
"male fashion photographers",0,1,0,13
"male modeling agencies",0,1,0,10
"male models brisbane",0,1,0,66
"mari lederman bio",0,1,0,10
"mari lederman feet",0,1,0,8
"mari lederman nude",0,1,0,7
"mari lederman nudes",0,6,0,24.5
"marvel lane",0,4,0,9.25
"marvel lane latest",0,1,0,19
"marvell lane",0,4,0,9.75
"marvell lane paddington",0,3,0,21
"marvell lane swim",0,9,0,35.222222222222221
"marvell_lane nude",0,1,0,16
"matthew blake photography",0,1,0,19
"mentor photography",0,1,0,56
"mentoring photography",0,2,0,27.5
"michelle bagarra",0,21,0,7.0476190476190474
"midsize modeling agencies",0,4,0,75.5
"millicent lambert",0,9,0,2.1111111111111112
"milly lambert",0,6,0,8.5
"model acting agency",0,1,0,97
"model agancies",0,1,0,4
"model agencies",0,68,0,22.882352941176471
"model agencies australia",0,8,0,64.5
"model agencies gold coast",0,12,0,16
"model agencies near me",0,7,0,37.571428571428569
"model agency",0,14,0,23.714285714285715
"model agency gold coast",0,3,0,44
"model agency headshots",0,2,0,11
"model agency in australia",0,3,0,75.666666666666671
"model agency near me",0,4,0,68.5
"model agency photographer",0,1,0,1
"model agency sydney australia",0,3,0,80.666666666666671
"model agencys",0,13,0,10.461538461538462
"model agencys latest",0,1,0,18
"model agenices",0,1,0,3
"model and photographer",0,2,0,44.5
"model application",0,1,0,91
"model brisbane",0,72,0,11.347222222222221
"model brisbane latest",0,90,0,11.7
"model call brisbane latest",0,3,0,13
"model camp australia",0,1,0,5
"model casting brisbane latest",0,3,0,17
"model companies",0,1,0,45
"model connect, modelling agency, gold coast",0,4,0,7.5
"model digitals near me",0,1,0,6
"model digitals photographer near me",0,2,0,8.5
"model fotograf",0,1,0,9
"model hire",0,1,0,72
"model management",0,2,0,34
"model modelling agency",0,1,0,88
"model monika clarke",0,2,0,38
"model photographer",0,3,0,28.333333333333332
"model photographer gold coast",0,3,0,35
"model photographer latest",0,8,0,15.75
"model photographer new york",0,1,0,86
"model photographer nyc",0,14,0,83.142857142857139
"model photographers",0,6,0,13.833333333333334
"model photographers near me",0,1,0,11
"model photographers nyc",0,43,0,81.5813953488372
"model photography",0,3,0,62
"model photography course",0,21,0,16.666666666666664
"model photography portfolio",0,4,0,86.75
"model photoshoot prices",0,2,0,36
"model portfolio",0,1,0,81
"model portfolio packages",0,93,0,49.946236559139784
"model portfolio photographer",0,260,0,28.01923076923077
"model portfolio photographer near me",0,4,0,9.25
"model portfolio photographer nyc",0,22,0,12
"model portfolio photographer prices",0,6,0,11.333333333333334
"model portfolio photographer sydney",0,14,0,9.5
"model portfolio photographers",0,11,0,52.090909090909093
"model portfolio photographers nyc",0,42,0,62.261904761904759
"model portfolio photography",0,6,0,11.166666666666666
"model portfolio photography nyc",0,10,0,45
"model portfolio photography prices",0,11,0,12.636363636363637
"model portfolio price",0,1,0,63
"model portfolio prices",0,26,0,24.653846153846153
"model portfolio pricing",0,1,0,11
"model portfolio shoot",0,2,0,28
"model portfolio shoots",0,1,0,72
"model profile",0,1,0,1
"model scout",0,1,0,1
"model scouting agencies",0,1,0,26
"model scouts near me",0,1,0,8
"model search brisbane latest",0,2,0,19
"model studios",0,1,0,52
"model test photographer",0,3,0,17.666666666666668
"model test shoots",0,4,0,1
"model test shots",0,4,0,57
"model tests",0,27,0,15.851851851851851
"modelfolio nude",0,1,0,9
"modeling agencies",0,63,0,44.253968253968253
"modeling agencies australia",0,4,0,68
"modeling agencies gold coast",0,3,0,22.333333333333332
"modeling agencies in australia",0,4,0,71.5
"modeling agencies in brisbane",0,21,0,8
"modeling agencies in sydney",0,1,0,72
"modeling agencies near me",0,3,0,40
"modeling agencies sydney",0,1,0,75
"modeling agency",0,19,0,47.684210526315788
"modeling agency in australia",0,6,0,89.666666666666671
"modeling agency portfolio",0,3,0,95.666666666666671
"modeling agencys",0,1,0,11
"modeling beach",0,1,0,86
"modeling book portfolio",0,1,0,96
"modeling brisbane",0,47,0,11.404255319148936
"modeling headshot photographers near me",0,1,0,11
"modeling jobs brisbane",0,7,0,10.142857142857142
"modeling managers",0,8,0,83.25
"modeling near me",0,1,0,1
"modeling opportunities near me",0,1,0,6
"modeling photographer",0,1,0,11
"modeling photographers in nyc",0,35,0,75.542857142857144
"modeling photographers near me",0,3,0,1
"modeling photoshoot near me",0,2,0,8.5
"modeling portfolio",0,1,0,1
"modeling portfolio cost",0,6,0,20
"modeling portfolio photographer",0,6,0,58.166666666666664
"modeling portfolio photographers",0,9,0,26.333333333333332
"modeling portfolio photographers near me",0,2,0,6.5
"modeling portfolio photographers nyc",0,82,0,64.280487804878049
"modeling portfolio photography",0,2,0,77
"modeling portfolio prices",0,13,0,39
"modeling shoots",0,2,0,82.5
"modeling shoots near me",0,1,0,11
"modeling sites",0,1,0,9
"modeling studio",0,17,0,43.352941176470587
"modeling studios",0,1,0,12
"modeling test shoot",0,6,0,69.333333333333329
"modelling agencies australia",0,2,0,29
"modelling agencies best",0,1,0,8
"modelling agencies brisbane teens",0,2,0,26.5
"modelling agencies gold coast",0,35,0,15.971428571428572
"modelling agencies in australia",0,4,0,41
"modelling agencies near me",0,10,0,11.2
"modelling agencies on instagram",0,71,0,70.521126760563376
"modelling agencies sunshine coast",0,1,0,43
"modelling agency",0,17,0,16.941176470588236
"modelling agency gold coast",0,17,0,23.411764705882351
"modelling agency near me",0,4,0,43.25
"modelling agency qld",0,4,0,13.75
"modelling agencys",0,7,0,9.4285714285714288
"modelling agent",0,18,0,40.166666666666664
"modelling agent latest",0,1,0,20
"modelling agents near me",0,105,0,65.047619047619051
"modelling and acting agencies",0,3,0,86.666666666666671
"modelling brands",0,6,0,10.5
"modelling brisbane latest",0,27,0,11.481481481481481
"modelling classes near me",0,1,0,1
"modelling companies",0,27,0,20.333333333333332
"modelling companies near me",0,11,0,8.2727272727272734
"modelling company",0,12,0,29.083333333333332
"modelling courses brisbane",0,3,0,41
"modelling jobs brisbane",0,10,0,7
"modelling management",0,1,0,12
"modelling near me",0,3,0,12
"modelling opportunities",0,5,0,10
"modelling oppurtunities",0,2,0,16.5
"modelling photographer",0,3,0,27
"modelling portfolio cost",0,20,0,21.05
"modelling portfolio packages",0,14,0,28
"modelling portfolio photographer",0,6,0,55
"modelling portfolio photographers",0,12,0,51
"modelling schools",0,1,0,35
"modelling shoots",0,2,0,80
"modelling sign up",0,1,0,6
"modelling studio",0,2,0,30
"models agency",0,5,0,51.2
"models brisbane latest",0,37,0,13.243243243243244
"models in brisbane",0,20,0,16.1
"models modeling agency",0,1,0,65
"models portfolios",0,3,0,66.666666666666671
"models shoots",0,1,0,8
"modling agency",0,1,0,10
"mollye",0,2,0,4.5
"mollye rogel model",0,5,0,5.6
"mollye rogel nude",0,1,0,4
"monika clarke",0,8,0,31.625
"monika clarke (monika.clarke) latest",0,29,0,19.620689655172413
"monika.clarke",0,1,0,35
"montanalower",0,6,0,72.166666666666671
"most famous modelling agencies",0,2,0,7.5
"most popular modeling agencies",0,1,0,13
"most reputable modeling agencies",0,1,0,1
"mother agencies",0,1,0,11
"mother agencies modeling",0,1,0,12
"mother agency near me",0,1,0,1
"mother model agencies",0,2,0,3
"mr blake at your service",0,1,0,3
"mymedia axcess photo",0,1,0,67
"natyse chan parents",0,1,0,18
"nyc model photographer",0,1,0,95
"nyc model photographers",0,1,0,98
"olivia vinten",0,20,0,10.75
"olivia vinten hair",0,16,0,1.75
"on-model photography packages 2025",0,3,0,7.666666666666667
"online fashion photography courses",0,20,0,21.15
"orion scott hello fashion",0,2,0,28.5
"photo shoot",0,2,0,1
"photographer",0,1,0,2
"photographer and model website",0,1,0,11
"photographer brisbane latest",0,19,0,13.578947368421053
"photographer byron bay",0,15,0,52.866666666666667
"photographer fashion",0,5,0,25.4
"photographer for model portfolio",0,2,0,25
"photographer for model shoot",0,1,0,7
"photographer for modeling portfolio",0,2,0,14.5
"photographer for models",0,5,0,62.2
"photographer for portfolio",0,18,0,35.055555555555557
"photographer in brisbane latest",0,2,0,15.5
"photographer mentor",0,1,0,21
"photographer model latest",0,2,0,16
"photographer model portfolio",0,4,0,59.5
"photographer portfolios covers new york",0,1,0,51
"photographers for model portfolio",0,5,0,16.6
"photographers for modeling portfolio near me",0,1,0,2
"photographers for modeling portfolios",0,13,0,60.769230769230766
"photographers for modelling portfolios",0,1,0,53
"photographers for portfolio",0,2,0,57
"photographers in byron bay, australia",0,2,0,70
"photographers in nyc for models",0,3,0,91.333333333333329
"photographers model",0,13,0,80.07692307692308
"photographic modelling",0,4,0,92.75
"photography and fashion",0,1,0,11
"photography business mentoring",0,9,0,75.333333333333329
"photography byron bay",0,1,0,21
"photography equipment hire",0,1,0,93
"photography fashion",0,3,0,8.6666666666666679
"photography for fashion",0,2,0,4.5
"photography for models",0,3,0,89
"photography in fashion",0,1,0,13
"photography mentor",0,77,0,88.324675324675326
"photography mentoring",0,3,0,91
"photography mentors",0,2,0,87.5
"photography mentorship",0,2,0,92
"photography mentorship for beginners",0,1,0,20
"photography model portfolio",0,3,0,61
"photography portfolio australia",0,4,0,18.75
"photography portfolio examples",0,2,0,5.5
"photography studio near me",0,1,0,1
"photography swimsuit",0,1,0,14
"photoshoot",0,10,0,1.2
"popular modelling agencies",0,1,0,1
"portfolio for modeling",0,1,0,1
"portfolio for modeling prices",0,28,0,40.321428571428569
"portfolio model agency",0,2,0,5
"portfolio photographer",0,6,0,26.333333333333332
"portfolio photographer albany",0,1,0,30
"portfolio photographer latest",0,2,0,14
"portfolio photographer near me",0,1,0,10
"portfolio photographers",0,4,0,30.25
"portfolio photography for models",0,2,0,51.5
"portfolio photoshoot price",0,3,0,7
"portfolio pics for modeling",0,2,0,1
"portfolio pictures for models",0,1,0,1
"portfolio shoot charges",0,1,0,54
"portfolio shoot model",0,1,0,16
"portfolio shoot price",0,6,0,18
"portfolio shoots",0,2,0,10
"portfolios photographer",0,1,0,87
"priscilla's model management",0,1,0,2
"product photographer",0,1,0,35
"professional headshots brisbane",0,2,0,13
"professional photographer for modeling",0,1,0,84
"professional photographer model portfolio",0,1,0,72
"projector hire in byron bay, new south wales, australia",0,1,0,59
"promotional models brisbane",0,44,0,73.727272727272734
"promotional models byron bay",0,56,0,54.25
"qld",0,1,0,19
"que models brisbane",0,1,0,7
"real estate photographer near me",0,1,0,21
"real modeling agency",0,1,0,11
"recommended modelling agencies",0,2,0,52
"rent a camera",0,1,0,11
"rent lens",0,1,0,7
"reputable model agencies",0,1,0,13
"reputable modeling agencies",0,3,0,12.333333333333334
"robertapecoraro latest",0,14,0,19
"robin gallant gymshark",0,1,0,2
"robin gymshark",0,1,0,3
"robingallantt",0,1,0,44
"rubyyaya",0,1,0,20
"runway modeling agencies near me",0,1,0,1
"ryan marcovich",0,3,0,57
"saint model agency",0,16,0,5.6875
"saint model management",0,173,0,7.2485549132947975
"saint model management latest",0,1,0,10
"sam blake photography",0,1,0,51
"samm blake",0,2,0,79
"send photos to modeling agencies",0,2,0,8
"siobhan mcgroarty age",0,1,0,7
"site:squarespace.com blake@ *.com",0,8,0,49.5
"steph rayner (stephjrayner) latest",0,48,0,17
"steph rayner instagram",0,1,0,43
"steph rayner latest",0,14,0,17.071428571428573
"steph rayner nude",0,1,0,8
"steph rayner reddit",0,1,0,42
"stephanie rayner nude",0,1,0,21
"street fashion photographer",0,1,0,13
"street modeling",0,1,0,1
"submit to modeling agencies",0,1,0,1
"susie collins",0,274,0,1.5
"swim photographer",0,11,0,14.363636363636363
"swimsuit photography",0,1,0,6
"swimwear byron bay",0,2,0,76.5
"swimwear campaign",0,1,0,70
"swimwear fashion photography",0,2,0,16
"swimwear galore",0,2,0,10
"swimwear model agency",0,1,0,1
"swimwear photography",0,17,0,10.176470588235293
"swimwear photography gold coast",0,4,0,24
"sydney fashion photographer",0,39,0,6.9487179487179489
"sydney fashion photographers",0,1,0,4
"talent agency brisbane",0,76,0,52.35526315789474
"talent agent brisbane",0,5,0,78.8
"tali bulycheva",0,2,0,33
"taya brooks (tayabrooks) latest",0,3,0,23.333333333333332
"taya brooks instagram",0,1,0,47
"test modeling",0,2,0,99.5
"test shoot",0,16,0,9.5625
"test shoot model",0,5,0,5.2
"test shoot nyc",0,2,0,27
"test shoots",0,1,0,4
"test shoots for models",0,7,0,12.285714285714286
"test shoots model",0,4,0,9
"test shoots near me",0,2,0,15
"test shoots.com",0,3,0,8.3333333333333321
"test-shoots",0,1,0,5
"test-shoots.com",0,6,0,20.166666666666668
"testshoots",0,2,0,3
"the best modeling agency",0,1,0,10
"the model agency",0,5,0,15.4
"the model agency brisbane",0,2,0,9
"the modelling agency",0,2,0,10
"the real agency",0,1,0,9
"top australian modelling agencies",0,10,0,29.9
"top model agencies",0,5,0,21.6
"top model agencies australia",0,2,0,12.5
"top model agency",0,3,0,6.333333333333333
"top model agents",0,1,0,7
"top model of the world australia, modelling agency",0,3,0,14.666666666666666
"top model portfolio",0,1,0,42
"top modeling agencies",0,14,0,19.5
"top modeling agencies for international models",0,1,0,20
"top modeling agencies in australia",0,4,0,21.5
"top modeling agencys",0,1,0,6
"top modeling companies",0,3,0,40.333333333333336
"top modelling",0,1,0,1
"top modelling agencies",0,12,0,10.5
"top modelling agencies in australia",0,19,0,14.526315789473685
"top modelling agencies sydney",0,4,0,38.25
"top modelling agency",0,1,0,8
"top models agencies",0,4,0,38.5
"top models agency",0,3,0,25.333333333333332
"uk models agency",0,1,0,4
"ultimate models, modeling agency",0,1,0,19
"unique model agency",0,1,0,7
"vic cayo",0,2,0,13.5
"vivens models latest",0,15,0,18.266666666666666
"vivians models",0,1,0,18
"vivians models latest",0,11,0,16
"vivien's",0,1,0,6
"vivien's model management sydney",0,2,0,42.5
"vivien's model management, modelling agency, sydney",0,32,0,15.84375
"viviennes models",0,1,0,24
"viviens brisbane",0,11,0,9.6363636363636367
"viviens model management latest",0,1,0,20
"viviens modelling agency",0,2,0,8
"viviens models",0,6,0,38.333333333333336
"viviens models brisbane",0,3,0,33
"viviens models melbourne",0,1,0,27
"what are modeling agencies looking for",0,1,0,8
"what are modelling agencies looking for",0,1,0,1
"what are the best modeling agencies",0,1,0,6
"what is the biggest modeling agency",0,1,0,11
"when did jordan barrett become a model",0,1,0,40
"where do i book a model",0,82,0,65.975609756097555
"where to book a model",0,79,0,64.506329113924053
"who is blake david",0,1,0,7
"yamba dave photography",0,1,0,8
"zi life",0,3,0,35.666666666666664
"оливия винтен",0,1,0,1
