page	query	clicks	impressions	ctr	position
https://dave-blake.com/blog/top-modelling-agencies-brisbane-how-to-get-signed	modelling agencies brisbane	37	1262	0.029318541996830427	6.1909667194928684
https://dave-blake.com/	dave blake	22	327	0.0672782874617737	4.99388379204893
https://dave-blake.com/	dave blake photography	21	61	0.34426229508196721	1.8852459016393444
https://dave-blake.com/blog/top-modelling-agencies-brisbane-how-to-get-signed	brisbane modelling agencies	7	621	0.011272141706924315	8.3719806763285014
https://dave-blake.com/story/tag/Lacey+Nelson	lacey nelson model	7	71	0.098591549295774641	4.6338028169014081
https://dave-blake.com/blog/top-modelling-agencies-brisbane-how-to-get-signed	model agencies brisbane	5	223	0.022421524663677129	8.2331838565022419
https://dave-blake.com/blog/top-modelling-agencies-brisbane-how-to-get-signed	top modelling agencies brisbane	5	120	0.041666666666666664	4.3333333333333339
https://dave-blake.com/blog/top-modelling-agencies-brisbane-how-to-get-signed	modeling agencies brisbane	4	433	0.0092378752886836026	8.51039260969977
https://dave-blake.com/story/tag/Lacey+Nelson	lacey nelson	4	193	0.02072538860103627	3.33160621761658
https://dave-blake.com/blog/top-modelling-agencies-brisbane-how-to-get-signed	brisbane modelling agency	3	349	0.0085959885386819486	7.2435530085959883
https://dave-blake.com/photographer/brisbane-fashion-photographer	brisbane fashion photographer	3	60	0.05	6.6
https://dave-blake.com/photographer/brisbane-fashion-photographer	fashion photographer brisbane	3	59	0.050847457627118647	8.3389830508474567
https://dave-blake.com/	fashion photographer sydney	2	79	0.025316455696202531	2.7215189873417724
https://dave-blake.com/blog	dave blake photography	2	46	0.043478260869565216	3.1739130434782608
https://dave-blake.com/blog/top-modelling-agencies-brisbane-how-to-get-signed	best modelling agencies brisbane	2	26	0.076923076923076927	4.1923076923076925
https://dave-blake.com/blog/top-modelling-agencies-brisbane-how-to-get-signed	brisbane modeling agencies	2	168	0.011904761904761904	8.0059523809523814
https://dave-blake.com/blog/top-modelling-agencies-brisbane-how-to-get-signed	modelling agencies	2	285	0.0070175438596491229	17.912280701754387
https://dave-blake.com/blog/top-modelling-agencies-brisbane-how-to-get-signed	modelling agency brisbane	2	456	0.0043859649122807015	8.712719298245613
https://dave-blake.com/blog/top-modelling-agencies-brisbane-how-to-get-signed	modelling brisbane	2	254	0.007874015748031496	10.65748031496063
https://dave-blake.com/gosees	siobhan mcgroarty	2	174	0.011494252873563218	9.9425287356321839
https://dave-blake.com/photographer	dave blake photography	2	34	0.058823529411764705	2.2352941176470589
https://dave-blake.com/story/tag/Isabelle+van+der+Tuin	isabelle van der tuin	2	16	0.125	8.8125
https://dave-blake.com/story/tag/Mollye+Rogel	mollye rogel	2	146	0.0136986301369863	6.1369863013698627
https://dave-blake.com/	bikini photographer	1	4	0.25	5.75
https://dave-blake.com/	brisbane fashion photographer	1	43	0.023255813953488372	10.44186046511628
https://dave-blake.com/	fashion photographer brisbane	1	37	0.027027027027027029	8.8378378378378386
https://dave-blake.com/	swimwear photographer	1	25	0.04	8.76
https://dave-blake.com/blog/top-modelling-agencies-brisbane-how-to-get-signed	brisbane model agency	1	256	0.00390625	7.83203125
https://dave-blake.com/blog/top-modelling-agencies-brisbane-how-to-get-signed	model agency brisbane	1	218	0.0045871559633027525	10.243119266055047
https://dave-blake.com/blog/top-modelling-agencies-brisbane-how-to-get-signed	modeling agency brisbane	1	253	0.003952569169960474	8.75889328063241
https://dave-blake.com/blog/top-modelling-agencies-brisbane-how-to-get-signed	modelling in brisbane	1	32	0.03125	8.65625
https://dave-blake.com/blog/top-modelling-agencies-brisbane-how-to-get-signed	models brisbane	1	51	0.0196078431372549	14.823529411764707
https://dave-blake.com/byron-bay-photography-equipment-rental	camera rentals	1	1	1	11
https://dave-blake.com/byron-bay-photography-equipment-rental	rent a camera near me	1	2	0.5	6.5
https://dave-blake.com/gosee/img/ellag	ella grantham	1	5	0.2	2.8
https://dave-blake.com/model-test-shoots/brisbane	model test shoot	1	6	0.16666666666666666	1.8333333333333335
https://dave-blake.com/model-test-shoots/brisbane	test shoots near me	1	3	0.33333333333333331	10.333333333333334
https://dave-blake.com/model-tests	how much does a modeling portfolio cost	1	4	0.25	32.25
https://dave-blake.com/model-tests	model test shoot rates	1	4	0.25	10
https://dave-blake.com/packages/model-portfolio-photographer	photoshoot portfolio package	1	11	0.090909090909090912	18.454545454545453
https://dave-blake.com/photographer/brisbane-fashion-photographer	fashion photographer	1	830	0.0012048192771084338	60.993975903614455
https://dave-blake.com/photographer/swimwear-photography-brisbane	bikini photographer	1	1	1	6
https://dave-blake.com/photographer/swimwear-photography-brisbane	bikini photographers	1	1	1	6
https://dave-blake.com/photographer/tag/Gold+Coast+Swimwear+Photographer	bikini photographers	1	1	1	29
https://dave-blake.com/photography-workshops/course-building-your-fashion-beauty-portfolio-with-agency-models-online-byron-bay	frankie scotney	1	12	0.083333333333333329	6.333333333333333
https://dave-blake.com/services/model-portfolios/brisbane	dave blake photography	1	6	0.16666666666666666	1.5
https://dave-blake.com/services/model-portfolios/byron-bay	byron bay models	1	86	0.011627906976744186	6.8488372093023253
https://dave-blake.com/story/2017/11/8/annie-ericson-pools-of-blue	annie ericson	1	5	0.2	17.2
https://dave-blake.com/story/2017/11/8/annie-ericson-pools-of-blue	annie ericson nude	1	1	1	21
https://dave-blake.com/story/2017/5/10/clean-living-co	carlie philby	1	44	0.022727272727272728	1.4318181818181819
https://dave-blake.com/story/2017/9/22/lacey-nelson	lacey nelson	1	98	0.01020408163265306	2.5510204081632653
https://dave-blake.com/story/2019/alys-hale-model-writer	alys hale	1	69	0.014492753623188406	8.1014492753623184
https://dave-blake.com/story/2020/podcast-interview-with-chaye-hartwell	chaye hartwell	1	81	0.012345679012345678	8.432098765432098
https://dave-blake.com/story/category/Personal+Work	anouk daddo	1	5	0.2	5.2
https://dave-blake.com/story/michelle-bagarra-model-beach-video-062020	michelle bagarra	1	12	0.083333333333333329	18
https://dave-blake.com/story/michelle-bagarra-model-beach-video-062020	michelle bagarra nude	1	44	0.022727272727272728	6.0681818181818183
https://dave-blake.com/story/personal/barbara-di-creddo-img-new-york	barbara di creddo	1	35	0.028571428571428571	12.342857142857143
https://dave-blake.com/story/tag/Beth+Hurrell	beth hurrell	1	11	0.090909090909090912	16.454545454545453
https://dave-blake.com/story/tag/Julia+Durham	julia durham	1	95	0.010526315789473684	2.9578947368421051
https://dave-blake.com/story/tag/Steph+Rayner	steph rayner bio	1	3	0.33333333333333331	19.666666666666668
https://dave-blake.com/	80s glam photoshoot	0	1	0	44
https://dave-blake.com/	a fashion photographer	0	1	0	9
https://dave-blake.com/	alicia herbeth nude	0	4	0	29
https://dave-blake.com/	anisha okpalanze	0	1	0	34
https://dave-blake.com/	australian fashion photographer	0	11	0	60.636363636363633
https://dave-blake.com/	australian fashion photographers	0	9	0	12.111111111111111
https://dave-blake.com/	australian fashion photography	0	28	0	13.964285714285714
https://dave-blake.com/	beach glamour photography	0	1	0	22
https://dave-blake.com/	beachboyd blake	0	10	0	15.5
https://dave-blake.com/	bella blake nude	0	1	0	14
https://dave-blake.com/	bellevive	0	1	0	27
https://dave-blake.com/	beth undone nude	0	1	0	18
https://dave-blake.com/	bikini photographer gold coast	0	1	0	19
https://dave-blake.com/	black and white fashion photographer	0	2	0	53.5
https://dave-blake.com/	blake camera	0	1	0	31
https://dave-blake.com/	blake dave	0	3	0	3.3333333333333335
https://dave-blake.com/	blake david	0	12	0	8.25
https://dave-blake.com/	blake model	0	1	0	38
https://dave-blake.com/	blake photo	0	12	0	13
https://dave-blake.com/	blake photography	0	72	0	8.4166666666666679
https://dave-blake.com/	blake photography latest	0	20	0	6.85
https://dave-blake.com/	blake rose nude	0	1	0	9
https://dave-blake.com/	blake+photo	0	5	0	53.6
https://dave-blake.com/	blake.com	0	1	0	57
https://dave-blake.com/	blakebadazz	0	1	0	7
https://dave-blake.com/	blakecom	0	1	0	11
https://dave-blake.com/	blakedvs	0	1	0	2
https://dave-blake.com/	blakes photography	0	7	0	7.8571428571428568
https://dave-blake.com/	body paint photo shoot	0	1	0	7
https://dave-blake.com/	boudoir photography brisbane	0	1	0	81
https://dave-blake.com/	boudoir shoot brisbane	0	1	0	41
https://dave-blake.com/	brisbane boudoir photographer	0	2	0	61
https://dave-blake.com/	brisbane fashion videographer	0	3	0	41.333333333333336
https://dave-blake.com/	brisbane photographer	0	2	0	111
https://dave-blake.com/	brisbane videography	0	1	0	161
https://dave-blake.com/	byron bay photographer	0	2	0	43
https://dave-blake.com/	cam blake photography	0	8	0	31.75
https://dave-blake.com/	clothing fashion photography	0	1	0	13
https://dave-blake.com/	comp card	0	2	0	13
https://dave-blake.com/	corporate photographer byron bay	0	4	0	83.75
https://dave-blake.com/	corporate photography byron bay	0	4	0	83
https://dave-blake.com/	d ballam photography	0	1	0	7
https://dave-blake.com/	dave black photography	0	1	0	12
https://dave-blake.com/	dave blake, latest	0	9	0	15.777777777777779
https://dave-blake.com/	dave brisbane	0	13	0	6.0769230769230766
https://dave-blake.com/	dave photography	0	20	0	11.75
https://dave-blake.com/	dave photos	0	2	0	8.5
https://dave-blake.com/	dave photoshoot	0	4	0	8.75
https://dave-blake.com/	dave's photography	0	1	0	1
https://dave-blake.com/	david balke	0	2	0	4.5
https://dave-blake.com/	david ballam photography	0	1	0	7
https://dave-blake.com/	david blake	0	7	0	28.142857142857142
https://dave-blake.com/	david blake artist	0	2	0	5.5
https://dave-blake.com/	david blakes	0	2	0	7.5
https://dave-blake.com/	elle brittain nude	0	1	0	5
https://dave-blake.com/	fashion and beauty photographer	0	5	0	11
https://dave-blake.com/	fashion and editorial photography	0	1	0	13
https://dave-blake.com/	fashion photographer	0	19	0	7.4736842105263159
https://dave-blake.com/	fashion photographer australia	0	12	0	11.166666666666666
https://dave-blake.com/	fashion photographers	0	4	0	7.25
https://dave-blake.com/	fashion photographers sydney	0	22	0	2.4090909090909092
https://dave-blake.com/	fashion photography	0	18	0	4
https://dave-blake.com/	fashion photography agency	0	1	0	1
https://dave-blake.com/	fashion photography sydney	0	11	0	4.0909090909090908
https://dave-blake.com/	fashion phtography	0	2	0	3.5
https://dave-blake.com/	fashion still life photographers	0	1	0	12
https://dave-blake.com/	fashion videographer brisbane	0	10	0	55.6
https://dave-blake.com/	fashion videography brisbane	0	3	0	12.666666666666666
https://dave-blake.com/	fashionable photography	0	6	0	5
https://dave-blake.com/	fotografo de moda	0	1	0	10
https://dave-blake.com/	gap studios brisbane	0	1	0	100
https://dave-blake.com/	kate lane nude	0	1	0	37
https://dave-blake.com/	lily hoffman nude	0	2	0	14
https://dave-blake.com/	lucie blake photography	0	1	0	27
https://dave-blake.com/	male fashion photographers	0	1	0	13
https://dave-blake.com/	marvell_lane nude	0	1	0	16
https://dave-blake.com/	matthew blake photography	0	1	0	19
https://dave-blake.com/	model fotograf	0	1	0	9
https://dave-blake.com/	modeling beach	0	1	0	86
https://dave-blake.com/	mr blake at your service	0	1	0	3
https://dave-blake.com/	photographer byron bay	0	4	0	35.5
https://dave-blake.com/	photographer fashion	0	2	0	4.5
https://dave-blake.com/	photography and fashion	0	1	0	11
https://dave-blake.com/	photography byron bay	0	1	0	21
https://dave-blake.com/	photography fashion	0	3	0	8.6666666666666679
https://dave-blake.com/	photography for fashion	0	2	0	4.5
https://dave-blake.com/	photography in fashion	0	1	0	13
https://dave-blake.com/	photography studio near me	0	1	0	1
https://dave-blake.com/	product photographer	0	1	0	35
https://dave-blake.com/	real estate photographer near me	0	1	0	21
https://dave-blake.com/	sam blake photography	0	1	0	51
https://dave-blake.com/	samm blake	0	2	0	79
https://dave-blake.com/	street fashion photographer	0	1	0	13
https://dave-blake.com/	swimwear campaign photographer	0	1	0	72
https://dave-blake.com/	sydney fashion photographer	0	35	0	4.6857142857142851
https://dave-blake.com/	sydney fashion photographers	0	2	0	7
https://dave-blake.com/	who is blake david	0	1	0	7
https://dave-blake.com/	yamba dave photography	0	1	0	8
https://dave-blake.com/blog	blake photography latest	0	1	0	16
https://dave-blake.com/blog	brisbane fashion photographer	0	1	0	29
https://dave-blake.com/blog	dave blake	0	23	0	9.7826086956521738
https://dave-blake.com/blog	modelfolio nude	0	1	0	9
https://dave-blake.com/blog/top-modelling-agencies-brisbane-how-to-get-signed	#modellingagencies	0	5	0	9.8
https://dave-blake.com/blog/top-modelling-agencies-brisbane-how-to-get-signed	50 year old models wanted	0	1	0	1
https://dave-blake.com/blog/top-modelling-agencies-brisbane-how-to-get-signed	acting agencies brisbane	0	20	0	73
https://dave-blake.com/blog/top-modelling-agencies-brisbane-how-to-get-signed	agencies for modeling	0	1	0	20
https://dave-blake.com/blog/top-modelling-agencies-brisbane-how-to-get-signed	agencies in brisbane	0	82	0	33.170731707317074
https://dave-blake.com/blog/top-modelling-agencies-brisbane-how-to-get-signed	agencies modeling	0	2	0	8.5
https://dave-blake.com/blog/top-modelling-agencies-brisbane-how-to-get-signed	agency modeling near me	0	1	0	11
https://dave-blake.com/blog/top-modelling-agencies-brisbane-how-to-get-signed	apply model agency	0	1	0	9
https://dave-blake.com/blog/top-modelling-agencies-brisbane-how-to-get-signed	aus model agency	0	1	0	92
https://dave-blake.com/blog/top-modelling-agencies-brisbane-how-to-get-signed	australia model agency	0	2	0	85
https://dave-blake.com/blog/top-modelling-agencies-brisbane-how-to-get-signed	australia modeling agencies	0	4	0	68
https://dave-blake.com/blog/top-modelling-agencies-brisbane-how-to-get-signed	australia modelling agencies	0	1	0	68
https://dave-blake.com/blog/top-modelling-agencies-brisbane-how-to-get-signed	australian model agencies	0	2	0	60
https://dave-blake.com/blog/top-modelling-agencies-brisbane-how-to-get-signed	australian modeling agencies	0	1	0	90
https://dave-blake.com/blog/top-modelling-agencies-brisbane-how-to-get-signed	australian modelling agencies	0	1	0	41
https://dave-blake.com/blog/top-modelling-agencies-brisbane-how-to-get-signed	beginner modelling agencies	0	1	0	9
https://dave-blake.com/blog/top-modelling-agencies-brisbane-how-to-get-signed	bella model management	0	1	0	83
https://dave-blake.com/blog/top-modelling-agencies-brisbane-how-to-get-signed	bella modeling agency	0	1	0	74
https://dave-blake.com/blog/top-modelling-agencies-brisbane-how-to-get-signed	bella modelling agency	0	89	0	64.831460674157313
https://dave-blake.com/blog/top-modelling-agencies-brisbane-how-to-get-signed	bella talent agency	0	1	0	98
https://dave-blake.com/blog/top-modelling-agencies-brisbane-how-to-get-signed	best agencies for modeling	0	1	0	62
https://dave-blake.com/blog/top-modelling-agencies-brisbane-how-to-get-signed	best agency for older models	0	65	0	74.15384615384616
https://dave-blake.com/blog/top-modelling-agencies-brisbane-how-to-get-signed	best model agencies	0	5	0	21.6
https://dave-blake.com/blog/top-modelling-agencies-brisbane-how-to-get-signed	best model agency	0	1	0	1
https://dave-blake.com/blog/top-modelling-agencies-brisbane-how-to-get-signed	best model agency australia	0	88	0	69.045454545454547
https://dave-blake.com/blog/top-modelling-agencies-brisbane-how-to-get-signed	best model companies	0	3	0	29.666666666666668
https://dave-blake.com/blog/top-modelling-agencies-brisbane-how-to-get-signed	best modeling agencies	0	5	0	35.4
https://dave-blake.com/blog/top-modelling-agencies-brisbane-how-to-get-signed	best modeling agencies in australia	0	1	0	14
https://dave-blake.com/blog/top-modelling-agencies-brisbane-how-to-get-signed	best modeling agencies to send pictures	0	1	0	6
https://dave-blake.com/blog/top-modelling-agencies-brisbane-how-to-get-signed	best modeling agency	0	1	0	10
https://dave-blake.com/blog/top-modelling-agencies-brisbane-how-to-get-signed	best modeling agencys	0	1	0	10
https://dave-blake.com/blog/top-modelling-agencies-brisbane-how-to-get-signed	best modeling companies	0	2	0	75.5
https://dave-blake.com/blog/top-modelling-agencies-brisbane-how-to-get-signed	best modelling agencies	0	10	0	17.6
https://dave-blake.com/blog/top-modelling-agencies-brisbane-how-to-get-signed	best modelling agencies australia	0	11	0	16.727272727272727
https://dave-blake.com/blog/top-modelling-agencies-brisbane-how-to-get-signed	best modelling agencies gold coast	0	6	0	11.833333333333334
https://dave-blake.com/blog/top-modelling-agencies-brisbane-how-to-get-signed	best modelling agencies in australia	0	9	0	16.666666666666664
https://dave-blake.com/blog/top-modelling-agencies-brisbane-how-to-get-signed	best modelling agencies in sydney	0	4	0	65.25
https://dave-blake.com/blog/top-modelling-agencies-brisbane-how-to-get-signed	best modelling agency	0	4	0	13.25
https://dave-blake.com/blog/top-modelling-agencies-brisbane-how-to-get-signed	best modelling agency australia	0	8	0	39.75
https://dave-blake.com/blog/top-modelling-agencies-brisbane-how-to-get-signed	best modelling agency sydney	0	11	0	82.454545454545453
https://dave-blake.com/blog/top-modelling-agencies-brisbane-how-to-get-signed	best models agency	0	2	0	19.5
https://dave-blake.com/blog/top-modelling-agencies-brisbane-how-to-get-signed	best models contact information	0	5	0	16.4
https://dave-blake.com/blog/top-modelling-agencies-brisbane-how-to-get-signed	best models modeling agency details	0	2	0	11
https://dave-blake.com/blog/top-modelling-agencies-brisbane-how-to-get-signed	best models modeling agency services	0	2	0	6
https://dave-blake.com/blog/top-modelling-agencies-brisbane-how-to-get-signed	best models reputation	0	2	0	16
https://dave-blake.com/blog/top-modelling-agencies-brisbane-how-to-get-signed	best mother agencies	0	1	0	4
https://dave-blake.com/blog/top-modelling-agencies-brisbane-how-to-get-signed	big modeling agencies	0	2	0	64
https://dave-blake.com/blog/top-modelling-agencies-brisbane-how-to-get-signed	big modeling agency	0	1	0	62
https://dave-blake.com/blog/top-modelling-agencies-brisbane-how-to-get-signed	big modelling agencies	0	4	0	46
https://dave-blake.com/blog/top-modelling-agencies-brisbane-how-to-get-signed	biggest modeling agencies	0	1	0	79
https://dave-blake.com/blog/top-modelling-agencies-brisbane-how-to-get-signed	biggest modelling agencies	0	6	0	24.5
https://dave-blake.com/blog/top-modelling-agencies-brisbane-how-to-get-signed	boutique modeling agencies	0	2	0	11
https://dave-blake.com/blog/top-modelling-agencies-brisbane-how-to-get-signed	brand modeling agency	0	1	0	1
https://dave-blake.com/blog/top-modelling-agencies-brisbane-how-to-get-signed	brisbane acting agency	0	17	0	75.058823529411768
https://dave-blake.com/blog/top-modelling-agencies-brisbane-how-to-get-signed	brisbane agencies	0	39	0	60.794871794871796
https://dave-blake.com/blog/top-modelling-agencies-brisbane-how-to-get-signed	brisbane beauty models	0	2	0	16
https://dave-blake.com/blog/top-modelling-agencies-brisbane-how-to-get-signed	brisbane casting agency	0	4	0	24.25
https://dave-blake.com/blog/top-modelling-agencies-brisbane-how-to-get-signed	brisbane model	0	112	0	13.732142857142858
https://dave-blake.com/blog/top-modelling-agencies-brisbane-how-to-get-signed	brisbane model agencies	0	3	0	9.3333333333333339
https://dave-blake.com/blog/top-modelling-agencies-brisbane-how-to-get-signed	brisbane model latest	0	13	0	17.307692307692307
https://dave-blake.com/blog/top-modelling-agencies-brisbane-how-to-get-signed	brisbane modeling	0	21	0	13.571428571428571
https://dave-blake.com/blog/top-modelling-agencies-brisbane-how-to-get-signed	brisbane modeling agency	0	21	0	8.5238095238095237
https://dave-blake.com/blog/top-modelling-agencies-brisbane-how-to-get-signed	brisbane modelling	0	244	0	10.569672131147541
https://dave-blake.com/blog/top-modelling-agencies-brisbane-how-to-get-signed	brisbane models	0	208	0	17.177884615384617
https://dave-blake.com/blog/top-modelling-agencies-brisbane-how-to-get-signed	brisbane models latest	0	1	0	15
https://dave-blake.com/blog/top-modelling-agencies-brisbane-how-to-get-signed	brisbane talent agency	0	3	0	58
https://dave-blake.com/blog/top-modelling-agencies-brisbane-how-to-get-signed	casting agency brisbane	0	1	0	30
https://dave-blake.com/blog/top-modelling-agencies-brisbane-how-to-get-signed	chic brisbane, modelling agency, brisbane	0	24	0	6.958333333333333
https://dave-blake.com/blog/top-modelling-agencies-brisbane-how-to-get-signed	chic management	0	1	0	9
https://dave-blake.com/blog/top-modelling-agencies-brisbane-how-to-get-signed	child model agency brisbane	0	3	0	77.666666666666671
https://dave-blake.com/blog/top-modelling-agencies-brisbane-how-to-get-signed	commercial modeling agencies	0	22	0	64
https://dave-blake.com/blog/top-modelling-agencies-brisbane-how-to-get-signed	commercial modeling agencies near me	0	1	0	4
https://dave-blake.com/blog/top-modelling-agencies-brisbane-how-to-get-signed	commercial modelling agencies	0	2	0	82
https://dave-blake.com/blog/top-modelling-agencies-brisbane-how-to-get-signed	contact model agency	0	2	0	66
https://dave-blake.com/blog/top-modelling-agencies-brisbane-how-to-get-signed	dallys models	0	3	0	13.333333333333334
https://dave-blake.com/blog/top-modelling-agencies-brisbane-how-to-get-signed	editorial modeling agencies	0	31	0	21.35483870967742
https://dave-blake.com/blog/top-modelling-agencies-brisbane-how-to-get-signed	face modeling agencies	0	21	0	60.857142857142854
https://dave-blake.com/blog/top-modelling-agencies-brisbane-how-to-get-signed	famous modeling agencies	0	1	0	10
https://dave-blake.com/blog/top-modelling-agencies-brisbane-how-to-get-signed	famous modelling agencies	0	4	0	8
https://dave-blake.com/blog/top-modelling-agencies-brisbane-how-to-get-signed	fashion modelling agencies	0	1	0	13
https://dave-blake.com/blog/top-modelling-agencies-brisbane-how-to-get-signed	female models for hire near me	0	1	0	5
https://dave-blake.com/blog/top-modelling-agencies-brisbane-how-to-get-signed	free modelling agencies	0	2	0	8.5
https://dave-blake.com/blog/top-modelling-agencies-brisbane-how-to-get-signed	freelance model brisbane	0	2	0	12.5
https://dave-blake.com/blog/top-modelling-agencies-brisbane-how-to-get-signed	ghost modelling	0	1	0	6
https://dave-blake.com/blog/top-modelling-agencies-brisbane-how-to-get-signed	glamour modeling agencies	0	1	0	10
https://dave-blake.com/blog/top-modelling-agencies-brisbane-how-to-get-signed	gold coast model agency	0	2	0	13.5
https://dave-blake.com/blog/top-modelling-agencies-brisbane-how-to-get-signed	gold coast modelling	0	1	0	87
https://dave-blake.com/blog/top-modelling-agencies-brisbane-how-to-get-signed	gold coast modelling agencies	0	12	0	15.083333333333334
https://dave-blake.com/blog/top-modelling-agencies-brisbane-how-to-get-signed	gold coast modelling agency	0	3	0	15.333333333333334
https://dave-blake.com/blog/top-modelling-agencies-brisbane-how-to-get-signed	good model agencies	0	1	0	23
https://dave-blake.com/blog/top-modelling-agencies-brisbane-how-to-get-signed	good model agency	0	1	0	70
https://dave-blake.com/blog/top-modelling-agencies-brisbane-how-to-get-signed	good modeling agencies	0	11	0	39.363636363636367
https://dave-blake.com/blog/top-modelling-agencies-brisbane-how-to-get-signed	good modelling agencies	0	2	0	2
https://dave-blake.com/blog/top-modelling-agencies-brisbane-how-to-get-signed	great modeling agencies	0	6	0	28.166666666666668
https://dave-blake.com/blog/top-modelling-agencies-brisbane-how-to-get-signed	hand model agency	0	1	0	10
https://dave-blake.com/blog/top-modelling-agencies-brisbane-how-to-get-signed	hand model brisbane	0	6	0	11.833333333333334
https://dave-blake.com/blog/top-modelling-agencies-brisbane-how-to-get-signed	hand modeling agencies	0	1	0	1
https://dave-blake.com/blog/top-modelling-agencies-brisbane-how-to-get-signed	high fashion modeling agencies	0	1	0	11
https://dave-blake.com/blog/top-modelling-agencies-brisbane-how-to-get-signed	hire a model	0	1	0	66
https://dave-blake.com/blog/top-modelling-agencies-brisbane-how-to-get-signed	how to apply for modelling	0	1	0	1
https://dave-blake.com/blog/top-modelling-agencies-brisbane-how-to-get-signed	how to become a model brisbane	0	3	0	9.6666666666666661
https://dave-blake.com/blog/top-modelling-agencies-brisbane-how-to-get-signed	how to become a model in brisbane	0	47	0	3.7659574468085109
https://dave-blake.com/blog/top-modelling-agencies-brisbane-how-to-get-signed	how to book a model	0	54	0	85.962962962962962
https://dave-blake.com/blog/top-modelling-agencies-brisbane-how-to-get-signed	how to find a modeling agency	0	1	0	6
https://dave-blake.com/blog/top-modelling-agencies-brisbane-how-to-get-signed	how to find good modeling gigs?	0	2	0	6
https://dave-blake.com/blog/top-modelling-agencies-brisbane-how-to-get-signed	how to get a modelling agent	0	3	0	1
https://dave-blake.com/blog/top-modelling-agencies-brisbane-how-to-get-signed	how to get modeling agent	0	1	0	17
https://dave-blake.com/blog/top-modelling-agencies-brisbane-how-to-get-signed	how to get modelling jobs	0	1	0	1
https://dave-blake.com/blog/top-modelling-agencies-brisbane-how-to-get-signed	how to get signed with a modelling agency	0	1	0	7
https://dave-blake.com/blog/top-modelling-agencies-brisbane-how-to-get-signed	img models brisbane	0	1	0	8
https://dave-blake.com/blog/top-modelling-agencies-brisbane-how-to-get-signed	in australia brisbane	0	1	0	14
https://dave-blake.com/blog/top-modelling-agencies-brisbane-how-to-get-signed	inclusive modelling agencies	0	1	0	58
https://dave-blake.com/blog/top-modelling-agencies-brisbane-how-to-get-signed	jul model agency	0	1	0	9
https://dave-blake.com/blog/top-modelling-agencies-brisbane-how-to-get-signed	key modelling agency	0	9	0	50.111111111111114
https://dave-blake.com/blog/top-modelling-agencies-brisbane-how-to-get-signed	leading modeling agencies	0	1	0	31
https://dave-blake.com/blog/top-modelling-agencies-brisbane-how-to-get-signed	legitimate modelling agencies	0	2	0	4.5
https://dave-blake.com/blog/top-modelling-agencies-brisbane-how-to-get-signed	lingerie model agency	0	33	0	81.242424242424249
https://dave-blake.com/blog/top-modelling-agencies-brisbane-how-to-get-signed	local modeling agencies	0	1	0	18
https://dave-blake.com/blog/top-modelling-agencies-brisbane-how-to-get-signed	local modelling agencies near me	0	1	0	6
https://dave-blake.com/blog/top-modelling-agencies-brisbane-how-to-get-signed	looking for models near me	0	1	0	1
https://dave-blake.com/blog/top-modelling-agencies-brisbane-how-to-get-signed	lostandfound	0	1	0	1
https://dave-blake.com/blog/top-modelling-agencies-brisbane-how-to-get-signed	male modeling agencies	0	1	0	10
https://dave-blake.com/blog/top-modelling-agencies-brisbane-how-to-get-signed	male models brisbane	0	1	0	66
https://dave-blake.com/blog/top-modelling-agencies-brisbane-how-to-get-signed	mari lederman nudes	0	1	0	30
https://dave-blake.com/blog/top-modelling-agencies-brisbane-how-to-get-signed	michelle bagarra	0	1	0	41
https://dave-blake.com/blog/top-modelling-agencies-brisbane-how-to-get-signed	model acting agency	0	1	0	97
https://dave-blake.com/blog/top-modelling-agencies-brisbane-how-to-get-signed	model agancies	0	1	0	4
https://dave-blake.com/blog/top-modelling-agencies-brisbane-how-to-get-signed	model agencies	0	58	0	23.258620689655171
https://dave-blake.com/blog/top-modelling-agencies-brisbane-how-to-get-signed	model agencies australia	0	4	0	66
https://dave-blake.com/blog/top-modelling-agencies-brisbane-how-to-get-signed	model agencies gold coast	0	12	0	16
https://dave-blake.com/blog/top-modelling-agencies-brisbane-how-to-get-signed	model agencies near me	0	7	0	37.571428571428569
https://dave-blake.com/blog/top-modelling-agencies-brisbane-how-to-get-signed	model agency	0	11	0	17.09090909090909
https://dave-blake.com/blog/top-modelling-agencies-brisbane-how-to-get-signed	model agency gold coast	0	3	0	44
https://dave-blake.com/blog/top-modelling-agencies-brisbane-how-to-get-signed	model agency headshots	0	2	0	11
https://dave-blake.com/blog/top-modelling-agencies-brisbane-how-to-get-signed	model agency near me	0	4	0	68.5
https://dave-blake.com/blog/top-modelling-agencies-brisbane-how-to-get-signed	model agency sydney australia	0	1	0	98
https://dave-blake.com/blog/top-modelling-agencies-brisbane-how-to-get-signed	model agencys	0	11	0	10.818181818181818
https://dave-blake.com/blog/top-modelling-agencies-brisbane-how-to-get-signed	model agencys latest	0	1	0	18
https://dave-blake.com/blog/top-modelling-agencies-brisbane-how-to-get-signed	model agents	0	1	0	79
https://dave-blake.com/blog/top-modelling-agencies-brisbane-how-to-get-signed	model brisbane	0	58	0	11.310344827586206
https://dave-blake.com/blog/top-modelling-agencies-brisbane-how-to-get-signed	model brisbane latest	0	6	0	12.666666666666666
https://dave-blake.com/blog/top-modelling-agencies-brisbane-how-to-get-signed	model casting brisbane latest	0	2	0	15.5
https://dave-blake.com/blog/top-modelling-agencies-brisbane-how-to-get-signed	model companies	0	1	0	45
https://dave-blake.com/blog/top-modelling-agencies-brisbane-how-to-get-signed	model hire	0	1	0	72
https://dave-blake.com/blog/top-modelling-agencies-brisbane-how-to-get-signed	model management	0	1	0	58
https://dave-blake.com/blog/top-modelling-agencies-brisbane-how-to-get-signed	model modelling agency	0	1	0	88
https://dave-blake.com/blog/top-modelling-agencies-brisbane-how-to-get-signed	model scout	0	1	0	1
https://dave-blake.com/blog/top-modelling-agencies-brisbane-how-to-get-signed	model scouting agencies	0	1	0	26
https://dave-blake.com/blog/top-modelling-agencies-brisbane-how-to-get-signed	model scouts near me	0	1	0	8
https://dave-blake.com/blog/top-modelling-agencies-brisbane-how-to-get-signed	model studios	0	1	0	52
https://dave-blake.com/blog/top-modelling-agencies-brisbane-how-to-get-signed	modeling agencies	0	53	0	45.830188679245282
https://dave-blake.com/blog/top-modelling-agencies-brisbane-how-to-get-signed	modeling agencies for foreigners in korea	0	1	0	1
https://dave-blake.com/blog/top-modelling-agencies-brisbane-how-to-get-signed	modeling agencies gold coast	0	3	0	22.333333333333332
https://dave-blake.com/blog/top-modelling-agencies-brisbane-how-to-get-signed	modeling agencies in australia	0	2	0	70.5
https://dave-blake.com/blog/top-modelling-agencies-brisbane-how-to-get-signed	modeling agencies in brisbane	0	20	0	8.15
https://dave-blake.com/blog/top-modelling-agencies-brisbane-how-to-get-signed	modeling agencies in sydney	0	1	0	72
https://dave-blake.com/blog/top-modelling-agencies-brisbane-how-to-get-signed	modeling agencies near me	0	3	0	40
https://dave-blake.com/blog/top-modelling-agencies-brisbane-how-to-get-signed	modeling agencies sydney	0	1	0	75
https://dave-blake.com/blog/top-modelling-agencies-brisbane-how-to-get-signed	modeling agency	0	16	0	47
https://dave-blake.com/blog/top-modelling-agencies-brisbane-how-to-get-signed	modeling agency in australia	0	6	0	89.666666666666671
https://dave-blake.com/blog/top-modelling-agencies-brisbane-how-to-get-signed	modeling agencys	0	1	0	11
https://dave-blake.com/blog/top-modelling-agencies-brisbane-how-to-get-signed	modeling brisbane	0	43	0	11.651162790697674
https://dave-blake.com/blog/top-modelling-agencies-brisbane-how-to-get-signed	modeling jobs brisbane	0	7	0	10.142857142857142
https://dave-blake.com/blog/top-modelling-agencies-brisbane-how-to-get-signed	modeling managers	0	6	0	82.833333333333329
https://dave-blake.com/blog/top-modelling-agencies-brisbane-how-to-get-signed	modeling studio	0	11	0	45.363636363636367
https://dave-blake.com/blog/top-modelling-agencies-brisbane-how-to-get-signed	modeling studios	0	1	0	12
https://dave-blake.com/blog/top-modelling-agencies-brisbane-how-to-get-signed	modelling agencies australia	0	1	0	38
https://dave-blake.com/blog/top-modelling-agencies-brisbane-how-to-get-signed	modelling agencies best	0	1	0	8
https://dave-blake.com/blog/top-modelling-agencies-brisbane-how-to-get-signed	modelling agencies brisbane teens	0	2	0	26.5
https://dave-blake.com/blog/top-modelling-agencies-brisbane-how-to-get-signed	modelling agencies gold coast	0	25	0	16.36
https://dave-blake.com/blog/top-modelling-agencies-brisbane-how-to-get-signed	modelling agencies in australia	0	2	0	30
https://dave-blake.com/blog/top-modelling-agencies-brisbane-how-to-get-signed	modelling agencies in brisbane	0	181	0	7.9281767955801108
https://dave-blake.com/blog/top-modelling-agencies-brisbane-how-to-get-signed	modelling agencies near me	0	9	0	11.222222222222221
https://dave-blake.com/blog/top-modelling-agencies-brisbane-how-to-get-signed	modelling agencies on instagram	0	68	0	74.088235294117652
https://dave-blake.com/blog/top-modelling-agencies-brisbane-how-to-get-signed	modelling agencies sunshine coast	0	1	0	43
https://dave-blake.com/blog/top-modelling-agencies-brisbane-how-to-get-signed	modelling agency	0	12	0	12.416666666666666
https://dave-blake.com/blog/top-modelling-agencies-brisbane-how-to-get-signed	modelling agency gold coast	0	10	0	28.1
https://dave-blake.com/blog/top-modelling-agencies-brisbane-how-to-get-signed	modelling agency near me	0	4	0	43.25
https://dave-blake.com/blog/top-modelling-agencies-brisbane-how-to-get-signed	modelling agency qld	0	4	0	13.75
https://dave-blake.com/blog/top-modelling-agencies-brisbane-how-to-get-signed	modelling agencys	0	7	0	9.4285714285714288
https://dave-blake.com/blog/top-modelling-agencies-brisbane-how-to-get-signed	modelling agent	0	13	0	43.46153846153846
https://dave-blake.com/blog/top-modelling-agencies-brisbane-how-to-get-signed	modelling agent latest	0	1	0	20
https://dave-blake.com/blog/top-modelling-agencies-brisbane-how-to-get-signed	modelling agents near me	0	98	0	65.275510204081627
https://dave-blake.com/blog/top-modelling-agencies-brisbane-how-to-get-signed	modelling and acting agencies	0	3	0	86.666666666666671
https://dave-blake.com/blog/top-modelling-agencies-brisbane-how-to-get-signed	modelling brands	0	6	0	10.5
https://dave-blake.com/blog/top-modelling-agencies-brisbane-how-to-get-signed	modelling brisbane latest	0	24	0	11.583333333333334
https://dave-blake.com/blog/top-modelling-agencies-brisbane-how-to-get-signed	modelling companies	0	20	0	19.7
https://dave-blake.com/blog/top-modelling-agencies-brisbane-how-to-get-signed	modelling companies near me	0	9	0	7.7777777777777777
https://dave-blake.com/blog/top-modelling-agencies-brisbane-how-to-get-signed	modelling company	0	6	0	31.833333333333332
https://dave-blake.com/blog/top-modelling-agencies-brisbane-how-to-get-signed	modelling courses brisbane	0	3	0	41
https://dave-blake.com/blog/top-modelling-agencies-brisbane-how-to-get-signed	modelling jobs brisbane	0	10	0	5.6
https://dave-blake.com/blog/top-modelling-agencies-brisbane-how-to-get-signed	modelling management	0	1	0	12
https://dave-blake.com/blog/top-modelling-agencies-brisbane-how-to-get-signed	modelling near me	0	1	0	12
https://dave-blake.com/blog/top-modelling-agencies-brisbane-how-to-get-signed	modelling opportunities	0	5	0	10
https://dave-blake.com/blog/top-modelling-agencies-brisbane-how-to-get-signed	modelling oppurtunities	0	2	0	16.5
https://dave-blake.com/blog/top-modelling-agencies-brisbane-how-to-get-signed	modelling shoots	0	1	0	83
https://dave-blake.com/blog/top-modelling-agencies-brisbane-how-to-get-signed	modelling sign up	0	1	0	6
https://dave-blake.com/blog/top-modelling-agencies-brisbane-how-to-get-signed	modelling studio	0	2	0	30
https://dave-blake.com/blog/top-modelling-agencies-brisbane-how-to-get-signed	models agency	0	1	0	5
https://dave-blake.com/blog/top-modelling-agencies-brisbane-how-to-get-signed	models brisbane latest	0	6	0	15
https://dave-blake.com/blog/top-modelling-agencies-brisbane-how-to-get-signed	models in brisbane	0	19	0	16.157894736842103
https://dave-blake.com/blog/top-modelling-agencies-brisbane-how-to-get-signed	models modeling agency	0	1	0	65
https://dave-blake.com/blog/top-modelling-agencies-brisbane-how-to-get-signed	modling agency	0	1	0	10
https://dave-blake.com/blog/top-modelling-agencies-brisbane-how-to-get-signed	most famous modelling agencies	0	2	0	7.5
https://dave-blake.com/blog/top-modelling-agencies-brisbane-how-to-get-signed	most popular modeling agencies	0	1	0	13
https://dave-blake.com/blog/top-modelling-agencies-brisbane-how-to-get-signed	most reputable modeling agencies	0	1	0	1
https://dave-blake.com/blog/top-modelling-agencies-brisbane-how-to-get-signed	mother agencies	0	1	0	11
https://dave-blake.com/blog/top-modelling-agencies-brisbane-how-to-get-signed	mother agencies modeling	0	1	0	12
https://dave-blake.com/blog/top-modelling-agencies-brisbane-how-to-get-signed	mother agency near me	0	1	0	1
https://dave-blake.com/blog/top-modelling-agencies-brisbane-how-to-get-signed	mother model agencies	0	2	0	3
https://dave-blake.com/blog/top-modelling-agencies-brisbane-how-to-get-signed	popular modeling agencies	0	1	0	20
https://dave-blake.com/blog/top-modelling-agencies-brisbane-how-to-get-signed	popular modelling agencies	0	1	0	1
https://dave-blake.com/blog/top-modelling-agencies-brisbane-how-to-get-signed	portfolio model agency	0	2	0	5
https://dave-blake.com/blog/top-modelling-agencies-brisbane-how-to-get-signed	promotional models brisbane	0	42	0	80.285714285714292
https://dave-blake.com/blog/top-modelling-agencies-brisbane-how-to-get-signed	qld	0	1	0	19
https://dave-blake.com/blog/top-modelling-agencies-brisbane-how-to-get-signed	real modeling agency	0	1	0	11
https://dave-blake.com/blog/top-modelling-agencies-brisbane-how-to-get-signed	recommended modelling agencies	0	2	0	52
https://dave-blake.com/blog/top-modelling-agencies-brisbane-how-to-get-signed	reputable model agencies	0	1	0	13
https://dave-blake.com/blog/top-modelling-agencies-brisbane-how-to-get-signed	reputable modeling agencies	0	3	0	12.333333333333334
https://dave-blake.com/blog/top-modelling-agencies-brisbane-how-to-get-signed	runway modeling agencies near me	0	1	0	1
https://dave-blake.com/blog/top-modelling-agencies-brisbane-how-to-get-signed	saint model agency	0	13	0	5.7692307692307692
https://dave-blake.com/blog/top-modelling-agencies-brisbane-how-to-get-signed	saint model management	0	146	0	7.4589041095890414
https://dave-blake.com/blog/top-modelling-agencies-brisbane-how-to-get-signed	send photos to modeling agencies	0	2	0	8
https://dave-blake.com/blog/top-modelling-agencies-brisbane-how-to-get-signed	submit to modeling agencies	0	1	0	1
https://dave-blake.com/blog/top-modelling-agencies-brisbane-how-to-get-signed	swimwear model agency	0	1	0	1
https://dave-blake.com/blog/top-modelling-agencies-brisbane-how-to-get-signed	talent agency brisbane	0	67	0	55.238805970149251
https://dave-blake.com/blog/top-modelling-agencies-brisbane-how-to-get-signed	talent agent brisbane	0	5	0	78.8
https://dave-blake.com/blog/top-modelling-agencies-brisbane-how-to-get-signed	the best modeling agency	0	1	0	10
https://dave-blake.com/blog/top-modelling-agencies-brisbane-how-to-get-signed	the model agency	0	5	0	15.4
https://dave-blake.com/blog/top-modelling-agencies-brisbane-how-to-get-signed	the real agency	0	1	0	9
https://dave-blake.com/blog/top-modelling-agencies-brisbane-how-to-get-signed	top australian modelling agencies	0	9	0	31.777777777777779
https://dave-blake.com/blog/top-modelling-agencies-brisbane-how-to-get-signed	top model agencies	0	6	0	24.833333333333332
https://dave-blake.com/blog/top-modelling-agencies-brisbane-how-to-get-signed	top model agencies australia	0	2	0	12.5
https://dave-blake.com/blog/top-modelling-agencies-brisbane-how-to-get-signed	top model agency	0	1	0	17
https://dave-blake.com/blog/top-modelling-agencies-brisbane-how-to-get-signed	top model agents	0	1	0	7
https://dave-blake.com/blog/top-modelling-agencies-brisbane-how-to-get-signed	top model of the world australia, modelling agency	0	3	0	14.666666666666666
https://dave-blake.com/blog/top-modelling-agencies-brisbane-how-to-get-signed	top modeling agencies	0	12	0	19.666666666666668
https://dave-blake.com/blog/top-modelling-agencies-brisbane-how-to-get-signed	top modeling agencies for international models	0	1	0	20
https://dave-blake.com/blog/top-modelling-agencies-brisbane-how-to-get-signed	top modeling agencies in australia	0	4	0	21.5
https://dave-blake.com/blog/top-modelling-agencies-brisbane-how-to-get-signed	top modeling agencys	0	1	0	6
https://dave-blake.com/blog/top-modelling-agencies-brisbane-how-to-get-signed	top modeling companies	0	3	0	40.333333333333336
https://dave-blake.com/blog/top-modelling-agencies-brisbane-how-to-get-signed	top modelling	0	1	0	1
https://dave-blake.com/blog/top-modelling-agencies-brisbane-how-to-get-signed	top modelling agencies	0	13	0	10.23076923076923
https://dave-blake.com/blog/top-modelling-agencies-brisbane-how-to-get-signed	top modelling agencies australia	0	13	0	19.23076923076923
https://dave-blake.com/blog/top-modelling-agencies-brisbane-how-to-get-signed	top modelling agencies in australia	0	18	0	14.611111111111111
https://dave-blake.com/blog/top-modelling-agencies-brisbane-how-to-get-signed	top modelling agencies sydney	0	1	0	66
https://dave-blake.com/blog/top-modelling-agencies-brisbane-how-to-get-signed	top modelling agency	0	1	0	8
https://dave-blake.com/blog/top-modelling-agencies-brisbane-how-to-get-signed	top models agencies	0	4	0	38.5
https://dave-blake.com/blog/top-modelling-agencies-brisbane-how-to-get-signed	top models agency	0	3	0	25.333333333333332
https://dave-blake.com/blog/top-modelling-agencies-brisbane-how-to-get-signed	uk models agency	0	1	0	4
https://dave-blake.com/blog/top-modelling-agencies-brisbane-how-to-get-signed	ultimate models, modeling agency	0	1	0	19
https://dave-blake.com/blog/top-modelling-agencies-brisbane-how-to-get-signed	vivien's	0	1	0	6
https://dave-blake.com/blog/top-modelling-agencies-brisbane-how-to-get-signed	vivien's model management sydney	0	2	0	42.5
https://dave-blake.com/blog/top-modelling-agencies-brisbane-how-to-get-signed	vivien's model management, modelling agency, sydney	0	32	0	15.84375
https://dave-blake.com/blog/top-modelling-agencies-brisbane-how-to-get-signed	viviens brisbane	0	11	0	9.6363636363636367
https://dave-blake.com/blog/top-modelling-agencies-brisbane-how-to-get-signed	viviens model management latest	0	1	0	20
https://dave-blake.com/blog/top-modelling-agencies-brisbane-how-to-get-signed	viviens modelling agency	0	2	0	8
https://dave-blake.com/blog/top-modelling-agencies-brisbane-how-to-get-signed	viviens models brisbane	0	2	0	15
https://dave-blake.com/blog/top-modelling-agencies-brisbane-how-to-get-signed	viviens models melbourne	0	1	0	27
https://dave-blake.com/blog/top-modelling-agencies-brisbane-how-to-get-signed	what are modeling agencies looking for	0	1	0	8
https://dave-blake.com/blog/top-modelling-agencies-brisbane-how-to-get-signed	what are modelling agencies looking for	0	1	0	1
https://dave-blake.com/blog/top-modelling-agencies-brisbane-how-to-get-signed	what are the best modeling agencies	0	1	0	6
https://dave-blake.com/blog/top-modelling-agencies-brisbane-how-to-get-signed	what is the biggest modeling agency	0	1	0	11
https://dave-blake.com/blog/top-modelling-agencies-brisbane-how-to-get-signed	where do i book a model	0	78	0	67
https://dave-blake.com/blog/top-modelling-agencies-brisbane-how-to-get-signed	where to book a model	0	73	0	65.767123287671239
https://dave-blake.com/blog/what-is-an-editorial-photographer	#editorialphotographer	0	150	0	10.226666666666667
https://dave-blake.com/blog/what-is-an-editorial-photographer	#editorialphotography	0	63	0	13
https://dave-blake.com/blog/what-is-an-editorial-photographer	define editorial photography	0	1	0	10
https://dave-blake.com/blog/what-is-an-editorial-photographer	editorial photograph definition characteristics	0	1	0	9
https://dave-blake.com/blog/what-is-an-editorial-photographer	editorial vs documentary photography	0	1	0	1
https://dave-blake.com/blog/what-is-an-editorial-photographer	is a fashion and editorial photographer	0	5	0	1
https://dave-blake.com/buy/gift-card/photographer-mentoring-training-workshops/8-hour-mentor-package	dave blake photography	0	1	0	3
https://dave-blake.com/buy/gift-card/photographer-mentoring-training-workshops/8-hour-mentor-package	mentor photography	0	1	0	56
https://dave-blake.com/buy/gift-card/photographer-mentoring-training-workshops/8-hour-mentor-package	photographer mentor	0	1	0	21
https://dave-blake.com/buy/gift-card/photographer-mentoring-training-workshops/8-hour-mentor-package	photography business mentoring	0	6	0	81.166666666666671
https://dave-blake.com/buy/gift-card/photographer-mentoring-training-workshops/8-hour-mentor-package	photography mentor	0	67	0	87.5223880597015
https://dave-blake.com/buy/gift-card/photographer-mentoring-training-workshops/per-hour	mentoring photography	0	2	0	27.5
https://dave-blake.com/buy/gift-card/photographer-mentoring-training-workshops/per-hour	photography business mentoring	0	3	0	63.666666666666664
https://dave-blake.com/buy/gift-card/photographer-mentoring-training-workshops/per-hour	photography mentor	0	11	0	91.545454545454547
https://dave-blake.com/buy/gift-card/photographer-mentoring-training-workshops/per-hour	photography mentoring	0	3	0	91
https://dave-blake.com/buy/gift-card/photographer-mentoring-training-workshops/per-hour	photography mentors	0	2	0	87.5
https://dave-blake.com/buy/gift-card/photographer-mentoring-training-workshops/per-hour	photography mentorship	0	2	0	92
https://dave-blake.com/buy/gift-card/photographer-mentoring-training-workshops/per-hour	photography mentorship for beginners	0	1	0	20
https://dave-blake.com/byron-bay-photography-equipment-rental	camera equipment hire	0	1	0	10
https://dave-blake.com/byron-bay-photography-equipment-rental	camera hire near me	0	2	0	5
https://dave-blake.com/byron-bay-photography-equipment-rental	camera lens hire	0	2	0	6
https://dave-blake.com/byron-bay-photography-equipment-rental	camera lens rental	0	1	0	10
https://dave-blake.com/byron-bay-photography-equipment-rental	camera rent	0	1	0	9
https://dave-blake.com/byron-bay-photography-equipment-rental	camera rental gear	0	1	0	15
https://dave-blake.com/byron-bay-photography-equipment-rental	camera.rental	0	1	0	7
https://dave-blake.com/byron-bay-photography-equipment-rental	digital camera hire	0	1	0	4
https://dave-blake.com/byron-bay-photography-equipment-rental	equipment hire byron bay	0	35	0	26.828571428571429
https://dave-blake.com/byron-bay-photography-equipment-rental	macbook battery replacement byron bay	0	1	0	55
https://dave-blake.com/byron-bay-photography-equipment-rental	photography equipment hire	0	1	0	93
https://dave-blake.com/byron-bay-photography-equipment-rental	projector hire in byron bay, new south wales, australia	0	1	0	59
https://dave-blake.com/byron-bay-photography-equipment-rental	rent lens	0	1	0	7
https://dave-blake.com/contact	dave blake	0	8	0	9.25
https://dave-blake.com/contact	dave blake photography	0	3	0	1.3333333333333333
https://dave-blake.com/faces-of-fashion-week/nyfw/2019	olivia vinten	0	1	0	1
https://dave-blake.com/fashion-week-1/tag/Annabella+Barber	annabella barber	0	13	0	11.692307692307692
https://dave-blake.com/fashion-week-1/tag/Annabella+Barber	mymedia axcess photo	0	1	0	67
https://dave-blake.com/fashion-week-1/tag/Charlee+Fraser	jessica picton warlow	0	1	0	50
https://dave-blake.com/fashion-week-1/tag/Jordan+Barrett	chloe worthington	0	1	0	1
https://dave-blake.com/fashion-week-1/tag/Jordan+Barrett	jordan barret shoes latest	0	23	0	16.173913043478262
https://dave-blake.com/fashion-week-1/tag/Jordan+Barrett	jordan barret walk	0	144	0	12.125
https://dave-blake.com/fashion-week-1/tag/Jordan+Barrett	jordan barret walk edit latest	0	1	0	20
https://dave-blake.com/fashion-week-1/tag/Jordan+Barrett	jordan barrett	0	1	0	11
https://dave-blake.com/fashion-week-1/tag/Jordan+Barrett	jordan barrett 17	0	1	0	21
https://dave-blake.com/fashion-week-1/tag/Jordan+Barrett	jordan barrett 2017	0	5	0	56.4
https://dave-blake.com/fashion-week-1/tag/Jordan+Barrett	jordan barrett close up	0	1	0	10
https://dave-blake.com/fashion-week-1/tag/Jordan+Barrett	jordan barrett crying	0	1	0	9
https://dave-blake.com/fashion-week-1/tag/Jordan+Barrett	jordan barrett fashion	0	3	0	42.666666666666664
https://dave-blake.com/fashion-week-1/tag/Jordan+Barrett	jordan barrett fashion show	0	3	0	16.666666666666664
https://dave-blake.com/fashion-week-1/tag/Jordan+Barrett	jordan barrett feet	0	1	0	37
https://dave-blake.com/fashion-week-1/tag/Jordan+Barrett	jordan barrett front	0	1	0	39
https://dave-blake.com/fashion-week-1/tag/Jordan+Barrett	jordan barrett model runway	0	2	0	16
https://dave-blake.com/fashion-week-1/tag/Jordan+Barrett	jordan barrett outfits	0	2	0	16.5
https://dave-blake.com/fashion-week-1/tag/Jordan+Barrett	jordan barrett running	0	1	0	20
https://dave-blake.com/fashion-week-1/tag/Jordan+Barrett	jordan barrett runway	0	15	0	13.666666666666666
https://dave-blake.com/fashion-week-1/tag/Jordan+Barrett	jordan barrett runway walk	0	4	0	15
https://dave-blake.com/fashion-week-1/tag/Jordan+Barrett	jordan barrett shoes	0	4	0	19.75
https://dave-blake.com/fashion-week-1/tag/Jordan+Barrett	jordan barrett style	0	1	0	9
https://dave-blake.com/fashion-week-1/tag/Jordan+Barrett	jordan barrett walk	0	103	0	11.951456310679612
https://dave-blake.com/fashion-week-1/tag/Jordan+Barrett	jordan barrett walk latest	0	63	0	11.34920634920635
https://dave-blake.com/fashion-week-1/tag/Jordan+Barrett	jordan barrett walking	0	11	0	14.181818181818182
https://dave-blake.com/fashion-week-1/tag/Jordan+Barrett	jordan barrett without makeup	0	1	0	25
https://dave-blake.com/fashion-week-1/tag/Jordan+Barrett	when did jordan barrett become a model	0	1	0	40
https://dave-blake.com/fashion-week-1/tag/Roberta+Pecoraro	robertapecoraro latest	0	7	0	19.571428571428573
https://dave-blake.com/gift-card/model-portfolio-gift-card-brisbane-byron-bay	byron model	0	1	0	10
https://dave-blake.com/gift-card/model-portfolio-gift-card-brisbane-byron-bay	byron models	0	4	0	19
https://dave-blake.com/gift-card/model-portfolio-gift-card-brisbane-byron-bay	michelle bagarra	0	1	0	44
https://dave-blake.com/gosee/img/ellag	dave blake	0	1	0	29
https://dave-blake.com/gosees	blakepolaroids latest	0	5	0	10.2
https://dave-blake.com/gosees	chloe bau	0	1	0	35
https://dave-blake.com/gosees	dave blake	0	4	0	3.5
https://dave-blake.com/gosees	frankie bon scotney	0	6	0	13.666666666666666
https://dave-blake.com/gosees	isabelle marcovich	0	1	0	10
https://dave-blake.com/gosees	ryan marcovich	0	2	0	65.5
https://dave-blake.com/gosees	siobhan mcgroarty age	0	2	0	8.5
https://dave-blake.com/gosees	tali bulycheva	0	2	0	33
https://dave-blake.com/headshots	dave blake	0	33	0	9.8787878787878789
https://dave-blake.com/headshots	dave blake photography	0	26	0	6.384615384615385
https://dave-blake.com/headshots	professional headshots brisbane	0	5	0	12.8
https://dave-blake.com/headshots	vic cayo	0	1	0	10
https://dave-blake.com/model-contact-form	dave blake	0	16	0	10
https://dave-blake.com/model-contact-form	dave blake photography	0	1	0	1
https://dave-blake.com/model-portfolios-1	beth claverie	0	7	0	35.714285714285715
https://dave-blake.com/model-portfolios-1	dave blake	0	2	0	1
https://dave-blake.com/model-portfolios-1	dave blake photography	0	4	0	17.75
https://dave-blake.com/model-portfolios-1	maja elmstrom	0	2	0	18.5
https://dave-blake.com/model-portfolios-1	maja elmstrm	0	3	0	8.3333333333333321
https://dave-blake.com/model-portfolios-1	michelle bagarra	0	1	0	11
https://dave-blake.com/model-test-shoots/brisbane	#testshoots	0	2	0	7
https://dave-blake.com/model-test-shoots/brisbane	brisbane model	0	24	0	12.416666666666666
https://dave-blake.com/model-test-shoots/brisbane	brisbane model latest	0	96	0	11.1875
https://dave-blake.com/model-test-shoots/brisbane	brisbane models latest	0	16	0	16.0625
https://dave-blake.com/model-test-shoots/brisbane	dave blake	0	1	0	7
https://dave-blake.com/model-test-shoots/brisbane	dave blake photography	0	6	0	1.8333333333333335
https://dave-blake.com/model-test-shoots/brisbane	frankie bon scotney	0	4	0	16.5
https://dave-blake.com/model-test-shoots/brisbane	freelance model brisbane	0	3	0	14
https://dave-blake.com/model-test-shoots/brisbane	major model management paris	0	1	0	78
https://dave-blake.com/model-test-shoots/brisbane	model brisbane	0	1	0	41
https://dave-blake.com/model-test-shoots/brisbane	model brisbane latest	0	72	0	11.777777777777779
https://dave-blake.com/model-test-shoots/brisbane	model casting brisbane latest	0	1	0	20
https://dave-blake.com/model-test-shoots/brisbane	model digitals near me	0	1	0	6
https://dave-blake.com/model-test-shoots/brisbane	model digitals photographer near me	0	2	0	8.5
https://dave-blake.com/model-test-shoots/brisbane	model portfolio photographer near me	0	2	0	10.5
https://dave-blake.com/model-test-shoots/brisbane	model search brisbane latest	0	2	0	19
https://dave-blake.com/model-test-shoots/brisbane	model test shoots	0	3	0	1
https://dave-blake.com/model-test-shoots/brisbane	modeling agency brisbane	0	1	0	99
https://dave-blake.com/model-test-shoots/brisbane	modeling photoshoot near me	0	2	0	8.5
https://dave-blake.com/model-test-shoots/brisbane	modeling shoots	0	2	0	82.5
https://dave-blake.com/model-test-shoots/brisbane	modeling shoots near me	0	1	0	11
https://dave-blake.com/model-test-shoots/brisbane	models brisbane latest	0	30	0	12.966666666666667
https://dave-blake.com/model-test-shoots/brisbane	models shoots	0	1	0	8
https://dave-blake.com/model-test-shoots/brisbane	test shoot	0	16	0	9.5625
https://dave-blake.com/model-test-shoots/brisbane	test shoot model	0	2	0	1
https://dave-blake.com/model-test-shoots/brisbane	test shoots	0	1	0	4
https://dave-blake.com/model-test-shoots/brisbane	test shoots for models	0	5	0	5
https://dave-blake.com/model-test-shoots/brisbane	test shoots model	0	4	0	9
https://dave-blake.com/model-test-shoots/brisbane	test shoots.com	0	3	0	8.3333333333333321
https://dave-blake.com/model-test-shoots/brisbane	test-shoots	0	1	0	5
https://dave-blake.com/model-test-shoots/brisbane	test-shoots.com	0	5	0	18.2
https://dave-blake.com/model-test-shoots/brisbane	testshoots	0	2	0	3
https://dave-blake.com/model-test-shoots/brisbane	the modelling agency	0	2	0	10
https://dave-blake.com/model-test-shoots/brisbane	viviens models brisbane	0	2	0	76.5
https://dave-blake.com/model-tests	blake model management	0	1	0	20
https://dave-blake.com/model-tests	dave blake	0	22	0	4.8181818181818183
https://dave-blake.com/model-tests	dave blake photography	0	27	0	2.5925925925925926
https://dave-blake.com/model-tests	fashion model portfolio photography	0	1	0	96
https://dave-blake.com/model-tests	fashion model portfolios	0	10	0	58.2
https://dave-blake.com/model-tests	fashion modeling portfolio	0	1	0	94
https://dave-blake.com/model-tests	fashion photographers model portfolio	0	1	0	77
https://dave-blake.com/model-tests	fashion photography packages	0	1	0	34
https://dave-blake.com/model-tests	hire model test photographers	0	1	0	16
https://dave-blake.com/model-tests	how much does a model portfolio cost	0	1	0	67
https://dave-blake.com/model-tests	how much does a portfolio cost	0	2	0	5.5
https://dave-blake.com/model-tests	how much is a portfolio for modeling	0	2	0	69.5
https://dave-blake.com/model-tests	make up model	0	1	0	1
https://dave-blake.com/model-tests	model agency sydney australia	0	1	0	48
https://dave-blake.com/model-tests	model and photographer	0	1	0	76
https://dave-blake.com/model-tests	model photographer latest	0	5	0	14.6
https://dave-blake.com/model-tests	model photographers nyc	0	1	0	85
https://dave-blake.com/model-tests	model photography portfolio	0	4	0	86.75
https://dave-blake.com/model-tests	model portfolio packages	0	5	0	43.2
https://dave-blake.com/model-tests	model portfolio photographer	0	17	0	66.235294117647058
https://dave-blake.com/model-tests	model portfolio photographer nyc	0	2	0	77
https://dave-blake.com/model-tests	model portfolio photographer sydney	0	6	0	16.666666666666664
https://dave-blake.com/model-tests	model portfolio photographers	0	2	0	88.5
https://dave-blake.com/model-tests	model portfolio photographers nyc	0	18	0	92.666666666666671
https://dave-blake.com/model-tests	model portfolio photography nyc	0	10	0	44.5
https://dave-blake.com/model-tests	model portfolio photography prices	0	3	0	25
https://dave-blake.com/model-tests	model portfolio price	0	1	0	63
https://dave-blake.com/model-tests	model portfolio prices	0	17	0	50.411764705882355
https://dave-blake.com/model-tests	model portfolio pricing	0	1	0	11
https://dave-blake.com/model-tests	model portfolio shoot	0	1	0	50
https://dave-blake.com/model-tests	model portfolio shoots	0	1	0	72
https://dave-blake.com/model-tests	model test photographer	0	3	0	17.666666666666668
https://dave-blake.com/model-tests	model test shoot	0	4	0	13.5
https://dave-blake.com/model-tests	model test shoots	0	2	0	5.5
https://dave-blake.com/model-tests	model test shots	0	4	0	57
https://dave-blake.com/model-tests	model tests	0	27	0	15.851851851851851
https://dave-blake.com/model-tests	modeling agency portfolio	0	3	0	95.666666666666671
https://dave-blake.com/model-tests	modeling book portfolio	0	1	0	96
https://dave-blake.com/model-tests	modeling photographers in nyc	0	7	0	84
https://dave-blake.com/model-tests	modeling portfolio cost	0	1	0	65
https://dave-blake.com/model-tests	modeling portfolio photographer	0	5	0	56
https://dave-blake.com/model-tests	modeling portfolio photographers nyc	0	31	0	87.2258064516129
https://dave-blake.com/model-tests	modeling portfolio photography	0	2	0	77
https://dave-blake.com/model-tests	modeling portfolio prices	0	6	0	48.666666666666664
https://dave-blake.com/model-tests	modeling test shoot	0	6	0	69.333333333333329
https://dave-blake.com/model-tests	modelling portfolio cost	0	12	0	30.5
https://dave-blake.com/model-tests	modelling portfolio packages	0	7	0	40.857142857142854
https://dave-blake.com/model-tests	modelling portfolio photographer	0	4	0	62.25
https://dave-blake.com/model-tests	modelling portfolio photographers	0	10	0	45.5
https://dave-blake.com/model-tests	modelling shoots	0	1	0	77
https://dave-blake.com/model-tests	models portfolios	0	3	0	66.666666666666671
https://dave-blake.com/model-tests	nyc model photographer	0	1	0	95
https://dave-blake.com/model-tests	nyc model photographers	0	1	0	98
https://dave-blake.com/model-tests	on-model photography packages 2025	0	3	0	7.666666666666667
https://dave-blake.com/model-tests	photographer for model portfolio	0	2	0	25
https://dave-blake.com/model-tests	photographer for models	0	5	0	62.2
https://dave-blake.com/model-tests	photographer for portfolio	0	4	0	13.75
https://dave-blake.com/model-tests	photographer model latest	0	2	0	16
https://dave-blake.com/model-tests	photographer model portfolio	0	3	0	63
https://dave-blake.com/model-tests	photographers for model portfolio	0	1	0	3
https://dave-blake.com/model-tests	photographers for modeling portfolios	0	8	0	61.75
https://dave-blake.com/model-tests	photographers model	0	7	0	85.285714285714292
https://dave-blake.com/model-tests	photographic modelling	0	2	0	95.5
https://dave-blake.com/model-tests	photography for models	0	3	0	89
https://dave-blake.com/model-tests	photography model portfolio	0	2	0	78
https://dave-blake.com/model-tests	photography portfolio australia	0	1	0	15
https://dave-blake.com/model-tests	photoshoot portfolio package	0	2	0	91.5
https://dave-blake.com/model-tests	portfolio for modeling prices	0	18	0	50.111111111111114
https://dave-blake.com/model-tests	portfolio photographers	0	2	0	11
https://dave-blake.com/model-tests	portfolio photography for models	0	2	0	51.5
https://dave-blake.com/model-tests	portfolio photoshoot price	0	2	0	92.5
https://dave-blake.com/model-tests	portfolio shoot charges	0	1	0	54
https://dave-blake.com/model-tests	portfolio shoot model	0	1	0	16
https://dave-blake.com/model-tests	portfolio shoot price	0	3	0	55.333333333333336
https://dave-blake.com/model-tests	portfolios photographer	0	1	0	87
https://dave-blake.com/model-tests	professional photographer for modeling	0	1	0	84
https://dave-blake.com/model-tests	professional photographer model portfolio	0	1	0	72
https://dave-blake.com/model-tests	test modeling	0	2	0	99.5
https://dave-blake.com/model-tests	test shoot model	0	3	0	5.666666666666667
https://dave-blake.com/model-tests	test shoot nyc	0	1	0	29
https://dave-blake.com/model-tests	test shoots for models	0	2	0	30.5
https://dave-blake.com/model-tests	viviens models	0	2	0	36.5
https://dave-blake.com/model-tests	where to book a model	0	1	0	93
https://dave-blake.com/packages/model-portfolio-photographer	beauty model	0	1	0	1
https://dave-blake.com/packages/model-portfolio-photographer	beauty portfolio	0	1	0	1
https://dave-blake.com/packages/model-portfolio-photographer	best model portfolio photographers	0	84	0	16.333333333333336
https://dave-blake.com/packages/model-portfolio-photographer	build me a list of on-model photography packages.	0	1	0	4
https://dave-blake.com/packages/model-portfolio-photographer	dave blake	0	7	0	9.2857142857142865
https://dave-blake.com/packages/model-portfolio-photographer	dave blake photography	0	12	0	1.8333333333333335
https://dave-blake.com/packages/model-portfolio-photographer	fashion photography packages	0	2	0	4.5
https://dave-blake.com/packages/model-portfolio-photographer	hair model portfolio	0	1	0	47
https://dave-blake.com/packages/model-portfolio-photographer	how much does a modeling portfolio cost	0	5	0	5
https://dave-blake.com/packages/model-portfolio-photographer	how much does a portfolio cost	0	4	0	3
https://dave-blake.com/packages/model-portfolio-photographer	make up modeling	0	1	0	3
https://dave-blake.com/packages/model-portfolio-photographer	model agency photographer	0	1	0	1
https://dave-blake.com/packages/model-portfolio-photographer	model photoshoot prices	0	2	0	36
https://dave-blake.com/packages/model-portfolio-photographer	model portfolio packages	0	83	0	57.710843373493979
https://dave-blake.com/packages/model-portfolio-photographer	model portfolio photographer	0	131	0	39.480916030534353
https://dave-blake.com/packages/model-portfolio-photographer	model portfolio photographer prices	0	6	0	9.5
https://dave-blake.com/packages/model-portfolio-photographer	model portfolio photographer sydney	0	5	0	9
https://dave-blake.com/packages/model-portfolio-photographer	model portfolio photographers	0	2	0	23.5
https://dave-blake.com/packages/model-portfolio-photographer	model portfolio photography	0	12	0	1
https://dave-blake.com/packages/model-portfolio-photographer	model portfolio photography prices	0	8	0	11.125
https://dave-blake.com/packages/model-portfolio-photographer	model portfolio prices	0	27	0	24.481481481481481
https://dave-blake.com/packages/model-portfolio-photographer	modeling photographers near me	0	1	0	1
https://dave-blake.com/packages/model-portfolio-photographer	modeling portfolio	0	1	0	1
https://dave-blake.com/packages/model-portfolio-photographer	modeling portfolio cost	0	3	0	10
https://dave-blake.com/packages/model-portfolio-photographer	modeling portfolio photographer	0	1	0	100
https://dave-blake.com/packages/model-portfolio-photographer	modeling portfolio photographers	0	5	0	12
https://dave-blake.com/packages/model-portfolio-photographer	modeling portfolio prices	0	12	0	43.916666666666664
https://dave-blake.com/packages/model-portfolio-photographer	modelling portfolio cost	0	11	0	12.727272727272727
https://dave-blake.com/packages/model-portfolio-photographer	modelling portfolio packages	0	12	0	53
https://dave-blake.com/packages/model-portfolio-photographer	modelling portfolio photographer	0	1	0	99
https://dave-blake.com/packages/model-portfolio-photographer	olivia vinten net worth	0	1	0	19
https://dave-blake.com/packages/model-portfolio-photographer	photographer	0	1	0	2
https://dave-blake.com/packages/model-portfolio-photographer	photographer and model website	0	1	0	11
https://dave-blake.com/packages/model-portfolio-photographer	photographer for model portfolio	0	1	0	95
https://dave-blake.com/packages/model-portfolio-photographer	photographer for modeling portfolio	0	2	0	14.5
https://dave-blake.com/packages/model-portfolio-photographer	photographers for model portfolio	0	4	0	10.25
https://dave-blake.com/packages/model-portfolio-photographer	photography portfolio examples	0	2	0	5.5
https://dave-blake.com/packages/model-portfolio-photographer	portfolio for modeling	0	1	0	1
https://dave-blake.com/packages/model-portfolio-photographer	portfolio for modeling prices	0	6	0	23.833333333333332
https://dave-blake.com/packages/model-portfolio-photographer	portfolio photoshoot price	0	3	0	7
https://dave-blake.com/packages/model-portfolio-photographer	portfolio pics for modeling	0	2	0	1
https://dave-blake.com/packages/model-portfolio-photographer	portfolio pictures for models	0	1	0	1
https://dave-blake.com/packages/model-portfolio-photographer	portfolio shoot price	0	6	0	25.666666666666668
https://dave-blake.com/packages/model-portfolio-photographer	street modeling	0	1	0	1
https://dave-blake.com/photographer	#swimwearphotographer	0	1	0	6
https://dave-blake.com/photographer	bikini photographer	0	9	0	9.5555555555555554
https://dave-blake.com/photographer	bikini photographer gold coast	0	1	0	43
https://dave-blake.com/photographer	bikini photographers	0	1	0	58
https://dave-blake.com/photographer	brisbane fashion photographer	0	11	0	62.81818181818182
https://dave-blake.com/photographer	dave blake	0	5	0	5.6
https://dave-blake.com/photographer	fashion photographer brisbane	0	4	0	45.5
https://dave-blake.com/photographer	fashion photographer gold coast	0	13	0	16.76923076923077
https://dave-blake.com/photographer	fashion photography gold coast	0	9	0	20
https://dave-blake.com/photographer	fashion photography sydney	0	1	0	100
https://dave-blake.com/photographer	glamour fashion photographer gold coast	0	1	0	14
https://dave-blake.com/photographer	model photographer gold coast	0	1	0	25
https://dave-blake.com/photographer	model portfolio photographer sydney	0	2	0	67
https://dave-blake.com/photographer	portfolio photographer albany	0	1	0	30
https://dave-blake.com/photographer	swimwear fashion photography	0	2	0	16
https://dave-blake.com/photographer	swimwear photographer	0	2	0	28.5
https://dave-blake.com/photographer	swimwear photography gold coast	0	1	0	16
https://dave-blake.com/photographer	sydney fashion photographer	0	3	0	84.333333333333329
https://dave-blake.com/photographer-in	dave blake photography	0	3	0	2.666666666666667
https://dave-blake.com/photographer-in/byron-bay-for-model-portfolio-may-2020	byron bay model latest	0	5	0	10.4
https://dave-blake.com/photographer-in/byron-bay-for-model-portfolio-may-2020	byron bay models	0	11	0	16.18181818181818
https://dave-blake.com/photographer-in/byron-bay-for-model-portfolio-may-2020	byron bay photographer	0	16	0	47.625
https://dave-blake.com/photographer-in/byron-bay-for-model-portfolio-may-2020	corporate photographer byron bay	0	11	0	79.63636363636364
https://dave-blake.com/photographer-in/byron-bay-for-model-portfolio-may-2020	corporate photography byron bay	0	15	0	88.2
https://dave-blake.com/photographer-in/byron-bay-for-model-portfolio-may-2020	photographer byron bay	0	10	0	62
https://dave-blake.com/photographer-in/byron-bay-for-model-portfolio-may-2020	photographers in byron bay, australia	0	1	0	42
https://dave-blake.com/photographer-in/byron-bay-for-model-portfolio-may-2020	photography portfolio australia	0	3	0	20
https://dave-blake.com/photographer-in/byron-bay-for-model-portfolio-may-2020	promotional models byron bay	0	32	0	58.6875
https://dave-blake.com/photographer/2016/10/13/gold-coast-fashion-photographer	aje coast denim jacket	0	1	0	33
https://dave-blake.com/photographer/2016/10/13/gold-coast-fashion-photographer	chloe wheatland nude	0	3	0	9.6666666666666661
https://dave-blake.com/photographer/2016/10/13/gold-coast-fashion-photographer	gold coast model photography	0	1	0	88
https://dave-blake.com/photographer/2016/10/13/gold-coast-fashion-photographer	model photographer gold coast	0	2	0	40
https://dave-blake.com/photographer/2016/9/12/byron-bay-swimwear-photography	byron bay bathers	0	1	0	78
https://dave-blake.com/photographer/2016/9/12/byron-bay-swimwear-photography	byron bay swimwear	0	6	0	59.333333333333336
https://dave-blake.com/photographer/2016/9/12/byron-bay-swimwear-photography	swimwear byron bay	0	2	0	76.5
https://dave-blake.com/photographer/2016/9/12/swimwear-photography-gold-coast	bikini photographer gold coast	0	1	0	24
https://dave-blake.com/photographer/2016/9/12/swimwear-photography-gold-coast	swimwear photographer	0	1	0	11
https://dave-blake.com/photographer/2016/9/12/swimwear-photography-gold-coast	swimwear photography gold coast	0	2	0	35
https://dave-blake.com/photographer/2017/10/5/sydney-model-portfolios	anouk daddo	0	1	0	16
https://dave-blake.com/photographer/2017/10/5/sydney-model-portfolios	model portfolio photographer sydney	0	10	0	17
https://dave-blake.com/photographer/brisbane-fashion-photographer	#fashionphotographer	0	51	0	13.607843137254902
https://dave-blake.com/photographer/brisbane-fashion-photographer	any photos ?	0	1	0	10
https://dave-blake.com/photographer/brisbane-fashion-photographer	australian fashion photographer	0	24	0	23.75
https://dave-blake.com/photographer/brisbane-fashion-photographer	australian fashion photographers	0	3	0	32.333333333333329
https://dave-blake.com/photographer/brisbane-fashion-photographer	brisbane based street photographer	0	2	0	10.5
https://dave-blake.com/photographer/brisbane-fashion-photographer	brisbane fashion videographer	0	8	0	21.875
https://dave-blake.com/photographer/brisbane-fashion-photographer	clothing photographers	0	1	0	11
https://dave-blake.com/photographer/brisbane-fashion-photographer	dave blake photography	0	1	0	2
https://dave-blake.com/photographer/brisbane-fashion-photographer	fashion and beauty photographer	0	65	0	21.876923076923077
https://dave-blake.com/photographer/brisbane-fashion-photographer	fashion model photography	0	1	0	7
https://dave-blake.com/photographer/brisbane-fashion-photographer	fashion photographer australia	0	11	0	22
https://dave-blake.com/photographer/brisbane-fashion-photographer	fashion photographer latest	0	5	0	18.6
https://dave-blake.com/photographer/brisbane-fashion-photographer	fashion photographers	0	7	0	61.857142857142854
https://dave-blake.com/photographer/brisbane-fashion-photographer	fashion photography	0	8	0	16.625
https://dave-blake.com/photographer/brisbane-fashion-photographer	fashion photography photographers	0	108	0	82.379629629629633
https://dave-blake.com/photographer/brisbane-fashion-photographer	fashion videographer brisbane	0	12	0	20.5
https://dave-blake.com/photographer/brisbane-fashion-photographer	fashion videography brisbane	0	9	0	17.333333333333332
https://dave-blake.com/photographer/brisbane-fashion-photographer	mari lederman nudes	0	6	0	24.5
https://dave-blake.com/photographer/brisbane-fashion-photographer	model photographer latest	0	1	0	20
https://dave-blake.com/photographer/brisbane-fashion-photographer	model photographers	0	4	0	14.75
https://dave-blake.com/photographer/brisbane-fashion-photographer	photographer brisbane latest	0	16	0	12.4375
https://dave-blake.com/photographer/brisbane-fashion-photographer	photographer fashion	0	4	0	41.25
https://dave-blake.com/photographer/brisbane-fashion-photographer	photographer in brisbane latest	0	2	0	15.5
https://dave-blake.com/photographer/health-fitness-lifestyle-brisbane-gold-coast-byron-bay	fitness photographer gold coast	0	16	0	16.25
https://dave-blake.com/photographer/health-fitness-lifestyle-brisbane-gold-coast-byron-bay	fitness phtographer gold coast	0	4	0	9.5
https://dave-blake.com/photographer/health-fitness-lifestyle-brisbane-gold-coast-byron-bay	montanalower	0	6	0	72.166666666666671
https://dave-blake.com/photographer/health-fitness-lifestyle-brisbane-gold-coast-byron-bay	site:squarespace.com blake@ *.com	0	4	0	41.75
https://dave-blake.com/photographer/swimwear-in-sydney	#swimwearphotographer	0	3	0	15
https://dave-blake.com/photographer/swimwear-in-sydney	bikini photographer	0	1	0	16
https://dave-blake.com/photographer/swimwear-photography-brisbane	swimwear photographer	0	1	0	9
https://dave-blake.com/photographer/swimwear-photography-brisbane	swimwear photography	0	1	0	9
https://dave-blake.com/photographer/swimwear-photography-sydney	#swimwearphotographer	0	1	0	11
https://dave-blake.com/photographer/swimwear-photography-sydney	bikini photographer	0	1	0	12
https://dave-blake.com/photographer/swimwear-photography-sydney	bikini photoshoot studio	0	1	0	4
https://dave-blake.com/photographer/swimwear-photography-sydney	dave blake photography	0	1	0	1
https://dave-blake.com/photographer/swimwear-photography-sydney	photography swimsuit	0	1	0	14
https://dave-blake.com/photographer/swimwear-photography-sydney	swim photographer	0	11	0	14.272727272727273
https://dave-blake.com/photographer/swimwear-photography-sydney	swimsuit photography	0	1	0	6
https://dave-blake.com/photographer/swimwear-photography-sydney	swimwear photographer	0	2	0	8
https://dave-blake.com/photographer/swimwear-photography-sydney	swimwear photography	0	16	0	10.25
https://dave-blake.com/photographer/sydney-swimwear-photography	dave blake photography	0	1	0	1
https://dave-blake.com/photographer/tag/Fitness+Lifestyle+Photography+Brisbane	fitness photographer gold coast	0	3	0	40
https://dave-blake.com/photographer/tag/Gold+Coast+Swimwear+Photographer	#swimwearphotographer	0	4	0	7.5
https://dave-blake.com/photographer/tag/Gold+Coast+Swimwear+Photographer	bikini photographer	0	3	0	22
https://dave-blake.com/photographer/tag/Gold+Coast+Swimwear+Photographer	fashion photography gold coast	0	1	0	47
https://dave-blake.com/photographer/tag/Gold+Coast+Swimwear+photography	bikini models photographer gold coast	0	1	0	12
https://dave-blake.com/photographer/tag/Gold+Coast+Swimwear+photography	bikini photographer	0	1	0	12
https://dave-blake.com/photographer/tag/Gold+Coast+Swimwear+photography	bikini photographer gold coast	0	1	0	9
https://dave-blake.com/photographer/tag/Gold+Coast+Swimwear+photography	fashion photography gold coast	0	3	0	52
https://dave-blake.com/photographer/tag/Gold+Coast+Swimwear+photography	swimwear photographer	0	1	0	50
https://dave-blake.com/photographer/tag/Gold+Coast+Swimwear+photography	swimwear photography gold coast	0	1	0	10
https://dave-blake.com/photography-workshops	dave blake photography	0	7	0	6.2857142857142856
https://dave-blake.com/photography-workshops/course-building-your-fashion-beauty-portfolio-with-agency-models-online-byron-bay	beauty photography course	0	10	0	11.3
https://dave-blake.com/photography-workshops/course-building-your-fashion-beauty-portfolio-with-agency-models-online-byron-bay	byron bay models	0	1	0	97
https://dave-blake.com/photography-workshops/course-building-your-fashion-beauty-portfolio-with-agency-models-online-byron-bay	fashion photography course	0	3	0	16.333333333333336
https://dave-blake.com/photography-workshops/course-building-your-fashion-beauty-portfolio-with-agency-models-online-byron-bay	fashion photography course online	0	2	0	11
https://dave-blake.com/photography-workshops/course-building-your-fashion-beauty-portfolio-with-agency-models-online-byron-bay	fashion photography courses	0	2	0	7.5
https://dave-blake.com/photography-workshops/course-building-your-fashion-beauty-portfolio-with-agency-models-online-byron-bay	frankie bon scotney	0	32	0	7.34375
https://dave-blake.com/photography-workshops/course-building-your-fashion-beauty-portfolio-with-agency-models-online-byron-bay	kane anderson	0	33	0	5.3939393939393936
https://dave-blake.com/photography-workshops/course-building-your-fashion-beauty-portfolio-with-agency-models-online-byron-bay	model photography course	0	1	0	33
https://dave-blake.com/photography-workshops/course-building-your-fashion-beauty-portfolio-with-agency-models-online-byron-bay	online fashion photography courses	0	7	0	7.5714285714285712
https://dave-blake.com/photography-workshops/course-building-your-fashion-beauty-portfolio-with-agency-models-online-byron-bay	promotional models byron bay	0	1	0	38
https://dave-blake.com/photography/commercial	dave blake	0	6	0	4.3333333333333339
https://dave-blake.com/photography/commercial	dave blake photography	0	37	0	2.5405405405405403
https://dave-blake.com/photography/fashion-week	dave blake photography	0	21	0	5.5238095238095237
https://dave-blake.com/photography/fashion-week	site:squarespace.com blake@ *.com	0	4	0	57.25
https://dave-blake.com/photography/model-portfolios	best model portfolio photographers	0	5	0	46.6
https://dave-blake.com/photography/model-portfolios	best photographer for model portfolio	0	9	0	82.888888888888886
https://dave-blake.com/photography/model-portfolios	dave blake photography	0	1	0	20
https://dave-blake.com/photography/model-portfolios	female model portfolios	0	2	0	89.5
https://dave-blake.com/photography/model-portfolios	foot model portfolio	0	3	0	96.333333333333329
https://dave-blake.com/photography/model-portfolios	hair model portfolio	0	1	0	82
https://dave-blake.com/photography/model-portfolios	model photographer new york	0	1	0	86
https://dave-blake.com/photography/model-portfolios	model photographer nyc	0	13	0	82
https://dave-blake.com/photography/model-portfolios	model photographers nyc	0	41	0	81.487804878048777
https://dave-blake.com/photography/model-portfolios	model portfolio packages	0	74	0	68.1891891891892
https://dave-blake.com/photography/model-portfolios	model portfolio photographer	0	222	0	43.135135135135137
https://dave-blake.com/photography/model-portfolios	model portfolio photographer nyc	0	23	0	11.913043478260869
https://dave-blake.com/photography/model-portfolios	model portfolio photographers	0	8	0	60.125
https://dave-blake.com/photography/model-portfolios	model portfolio photographers nyc	0	25	0	46.36
https://dave-blake.com/photography/model-portfolios	model portfolio photography	0	1	0	26
https://dave-blake.com/photography/model-portfolios	model portfolio photography nyc	0	2	0	66
https://dave-blake.com/photography/model-portfolios	model portfolio prices	0	1	0	54
https://dave-blake.com/photography/model-portfolios	modeling photographers in nyc	0	27	0	72.851851851851848
https://dave-blake.com/photography/model-portfolios	modeling portfolio photographer	0	2	0	69.5
https://dave-blake.com/photography/model-portfolios	modeling portfolio photographers	0	6	0	65.166666666666671
https://dave-blake.com/photography/model-portfolios	modeling portfolio photographers nyc	0	52	0	51.057692307692307
https://dave-blake.com/photography/model-portfolios	modelling portfolio packages	0	7	0	11
https://dave-blake.com/photography/model-portfolios	modelling portfolio photographer	0	2	0	40.5
https://dave-blake.com/photography/model-portfolios	modelling portfolio photographers	0	2	0	78.5
https://dave-blake.com/photography/model-portfolios	photographer model portfolio	0	1	0	49
https://dave-blake.com/photography/model-portfolios	photographer portfolios covers new york	0	1	0	51
https://dave-blake.com/photography/model-portfolios	photographers for model portfolio	0	3	0	52.666666666666664
https://dave-blake.com/photography/model-portfolios	photographers for modeling portfolios	0	5	0	59.2
https://dave-blake.com/photography/model-portfolios	photographers for modelling portfolios	0	1	0	53
https://dave-blake.com/photography/model-portfolios	photographers for portfolio	0	2	0	57
https://dave-blake.com/photography/model-portfolios	photographers in nyc for models	0	3	0	91.333333333333329
https://dave-blake.com/photography/model-portfolios	photography model portfolio	0	1	0	27
https://dave-blake.com/photography/model-portfolios	portfolio photographers	0	2	0	49.5
https://dave-blake.com/photography/model-portfolios	top model portfolio	0	1	0	42
https://dave-blake.com/portfolio/beauty	blakepolaroids latest	0	1	0	11
https://dave-blake.com/portfolio/beauty	dave blake	0	49	0	10.122448979591837
https://dave-blake.com/portfolio/beauty	dave blake photography	0	6	0	1
https://dave-blake.com/portfolio/beauty	vic cayo	0	2	0	13.5
https://dave-blake.com/portfolio/fashion	and blake	0	1	0	4
https://dave-blake.com/portfolio/fashion	bayaje	0	3	0	18.333333333333332
https://dave-blake.com/portfolio/fashion	byron bay lauren bell dress	0	2	0	1.5
https://dave-blake.com/portfolio/fashion	charlotte coquelin nude	0	1	0	10
https://dave-blake.com/portfolio/fashion	cinematic gts vanessa	0	1	0	11
https://dave-blake.com/portfolio/fashion	cocoblake, creative director, latest	0	13	0	19.307692307692307
https://dave-blake.com/portfolio/fashion	dave blake	0	49	0	11.857142857142858
https://dave-blake.com/portfolio/fashion	dave blake photography	0	5	0	1
https://dave-blake.com/portfolio/fashion	mari lederman bio	0	1	0	10
https://dave-blake.com/portfolio/fashion	mari lederman feet	0	1	0	8
https://dave-blake.com/portfolio/fashion	mari lederman nude	0	1	0	7
https://dave-blake.com/portfolio/fashion	orion scott hello fashion	0	2	0	28.5
https://dave-blake.com/portfolio/motion	dave blake	0	42	0	9
https://dave-blake.com/portfolio/motion	dave blake photography	0	5	0	1
https://dave-blake.com/portfolio/swimwear	dave blake	0	44	0	9.3636363636363633
https://dave-blake.com/portfolio/swimwear	dave blake photography	0	5	0	1
https://dave-blake.com/portfolio/swimwear	michelle bagarra	0	1	0	9
https://dave-blake.com/private-portraits	dave blake	0	5	0	8.4
https://dave-blake.com/private-portraits	dave blake photography	0	16	0	5.875
https://dave-blake.com/services	brisbane fashion photographer	0	1	0	2
https://dave-blake.com/services	dave blake	0	16	0	10
https://dave-blake.com/services	dave blake photography	0	12	0	1.0833333333333333
https://dave-blake.com/services/fashion	dave blake	0	1	0	92
https://dave-blake.com/services/fashion	michelle bagarra	0	1	0	36
https://dave-blake.com/services/fashion	ryan marcovich	0	1	0	40
https://dave-blake.com/services/model-portfolios/brisbane	#modelphotographer	0	3	0	8
https://dave-blake.com/services/model-portfolios/brisbane	brisbane fashion photographer	0	17	0	42.588235294117645
https://dave-blake.com/services/model-portfolios/brisbane	dave blake	0	1	0	3
https://dave-blake.com/services/model-portfolios/brisbane	fashion photographer brisbane	0	10	0	49.5
https://dave-blake.com/services/model-portfolios/brisbane	model and photographer	0	1	0	13
https://dave-blake.com/services/model-portfolios/brisbane	model digitals photographer near me	0	1	0	24
https://dave-blake.com/services/model-portfolios/brisbane	model photographer	0	3	0	28.333333333333332
https://dave-blake.com/services/model-portfolios/brisbane	model photographer latest	0	2	0	16.5
https://dave-blake.com/services/model-portfolios/brisbane	model photographers near me	0	1	0	11
https://dave-blake.com/services/model-portfolios/brisbane	model photography	0	2	0	47.5
https://dave-blake.com/services/model-portfolios/brisbane	model portfolio photographer	0	3	0	9.3333333333333339
https://dave-blake.com/services/model-portfolios/brisbane	model portfolio photographer near me	0	2	0	8
https://dave-blake.com/services/model-portfolios/brisbane	model portfolio shoot	0	1	0	6
https://dave-blake.com/services/model-portfolios/brisbane	modeling photographer	0	1	0	11
https://dave-blake.com/services/model-portfolios/brisbane	modeling photographers near me	0	2	0	1
https://dave-blake.com/services/model-portfolios/brisbane	modeling portfolio photographers	0	1	0	7
https://dave-blake.com/services/model-portfolios/brisbane	modeling portfolio photographers near me	0	2	0	6.5
https://dave-blake.com/services/model-portfolios/brisbane	modelling photographer	0	2	0	29
https://dave-blake.com/services/model-portfolios/brisbane	photographer for portfolio	0	17	0	48.294117647058826
https://dave-blake.com/services/model-portfolios/brisbane	photographers for modeling portfolio near me	0	1	0	2
https://dave-blake.com/services/model-portfolios/brisbane	photographers model	0	6	0	74
https://dave-blake.com/services/model-portfolios/brisbane	photographic modelling	0	2	0	90
https://dave-blake.com/services/model-portfolios/brisbane	photography portfolio australia	0	4	0	42.75
https://dave-blake.com/services/model-portfolios/brisbane	portfolio photographer	0	4	0	25
https://dave-blake.com/services/model-portfolios/brisbane	portfolio photographer latest	0	2	0	14
https://dave-blake.com/services/model-portfolios/brisbane	portfolio photographer near me	0	1	0	10
https://dave-blake.com/services/model-portfolios/brisbane	portfolio shoots	0	2	0	10
https://dave-blake.com/services/model-portfolios/byron-bay	byron anderson model	0	6	0	1
https://dave-blake.com/services/model-portfolios/byron-bay	byron bay model	0	3	0	9.3333333333333339
https://dave-blake.com/services/model-portfolios/byron-bay	byron bay model latest	0	21	0	12.666666666666666
https://dave-blake.com/services/model-portfolios/byron-bay	byron models	0	4	0	8.75
https://dave-blake.com/services/model-portfolios/byron-bay	dave blake	0	1	0	41
https://dave-blake.com/services/model-portfolios/byron-bay	dave blake photography	0	1	0	1
https://dave-blake.com/services/model-portfolios/byron-bay	ellie o'neill model	0	1	0	47
https://dave-blake.com/services/model-portfolios/byron-bay	model portfolio photographer	0	7	0	50.428571428571431
https://dave-blake.com/services/model-portfolios/byron-bay	model portfolio photographers	0	2	0	44
https://dave-blake.com/services/model-portfolios/byron-bay	modeling portfolio photographers	0	1	0	77
https://dave-blake.com/services/model-portfolios/byron-bay	modelling portfolio photographers	0	2	0	72
https://dave-blake.com/services/model-portfolios/byron-bay	photographers for model portfolio	0	2	0	24.5
https://dave-blake.com/services/model-portfolios/byron-bay	photographers in byron bay, australia	0	1	0	98
https://dave-blake.com/services/model-portfolios/byron-bay	photography portfolio australia	0	2	0	73
https://dave-blake.com/services/model-portfolios/byron-bay	promotional models byron bay	0	26	0	55.5
https://dave-blake.com/stories	dave blake	0	1	0	1
https://dave-blake.com/stories	dave blake photography	0	2	0	8.5
https://dave-blake.com/stories	kateraw	0	1	0	8
https://dave-blake.com/story	dave blake	0	19	0	18.157894736842106
https://dave-blake.com/story	dave blake photography	0	4	0	3.75
https://dave-blake.com/story	genevieve peccinotti	0	1	0	11
https://dave-blake.com/story	michelle bagarra	0	1	0	19
https://dave-blake.com/story/-kirsten-clemens-7up-fun	kirsten clemens	0	114	0	2.0877192982456139
https://dave-blake.com/story/2016/12/3/my-chat-with-millicent-lambert	millicent lambert	0	10	0	2.1
https://dave-blake.com/story/2016/12/3/my-chat-with-millicent-lambert	milly lambert	0	6	0	8.5
https://dave-blake.com/story/2016/6/20/-kirsten-clemens-left-hand-free-video	kirsten clemens	0	1	0	28
https://dave-blake.com/story/2016/6/20/-kirsten-clemens-left-hand-free-video	kirsty clemments porn	0	1	0	11
https://dave-blake.com/story/2017/11/8/annie-ericson-pools-of-blue	annie ericson model	0	3	0	5.666666666666667
https://dave-blake.com/story/2017/12/19/swimwear-galore-17-iwillembracesummer-campaign	swimwear galore	0	5	0	9.8
https://dave-blake.com/story/2017/2/21/susie-collins	susie collins	0	277	0	1.4945848375451263
https://dave-blake.com/story/2017/2/27/m1aw86n0ot90ifd63dy202bqr8j3up	alt swim	0	1	0	9
https://dave-blake.com/story/2017/2/28/gymshark-womens-robin-gallant	gymshark photography	0	1	0	60
https://dave-blake.com/story/2017/2/28/gymshark-womens-robin-gallant	robin gallant gymshark	0	1	0	2
https://dave-blake.com/story/2017/2/28/gymshark-womens-robin-gallant	robingallantt	0	1	0	44
https://dave-blake.com/story/2017/5/10/clean-living-co	clean living co	0	2	0	11.5
https://dave-blake.com/story/2017/5/10/clean-living-co	dave philby	0	9	0	87
https://dave-blake.com/story/2017/9/13/mollye-rogel	mollye	0	1	0	1
https://dave-blake.com/story/2017/9/13/mollye-rogel	mollye rogel	0	4	0	6.5
https://dave-blake.com/story/2017/9/22/lacey-nelson	blake nelson photography	0	2	0	46.5
https://dave-blake.com/story/2017/9/22/lacey-nelson	lacey hells kitchen	0	1	0	30
https://dave-blake.com/story/2017/9/22/lacey-nelson	lacey nelson model	0	8	0	4.125
https://dave-blake.com/story/2017/9/22/lacey-nelson	lacy nelson	0	1	0	1
https://dave-blake.com/story/2018/3/22/kate	kateraw	0	6	0	10
https://dave-blake.com/story/2018/6/10/zi-life-swimwear-campaign-byron-bay-jodi-lee	zi life	0	3	0	35.666666666666664
https://dave-blake.com/story/2018/6/14/bimby-and-roy-aw18-campaign	bimby and roy	0	2	0	5
https://dave-blake.com/story/2018/6/5/ehlana-raw	ehlana	0	7	0	94.571428571428569
https://dave-blake.com/story/2018/8/30/summer-is-calling-elle-mcnamara	blake mcnamara	0	1	0	1
https://dave-blake.com/story/2018/8/30/summer-is-calling-elle-mcnamara	elle mcnamara	0	10	0	16.1
https://dave-blake.com/story/2018/8/8/kane-anderson	kane anderson	0	643	0	4.2783825816485219
https://dave-blake.com/story/2018/charlotte-coqueline-img-sydney	_charlotte_raw insta	0	4	0	8.75
https://dave-blake.com/story/2018/charlotte-coqueline-img-sydney	charlotte coquelin	0	5	0	47.6
https://dave-blake.com/story/2018/nikon-water-housing-portrait-taya-brooks	taya brooks (tayabrooks) latest	0	3	0	23.333333333333332
https://dave-blake.com/story/2018/nikon-water-housing-portrait-taya-brooks	taya brooks instagram	0	1	0	47
https://dave-blake.com/story/?category=Swimwear	balistarz model agency	0	1	0	19
https://dave-blake.com/story/?category=Swimwear	swimwear campaign	0	1	0	70
https://dave-blake.com/story/abbey-maher-viviens-balistarz-lifes-a-beach	abbey maher	0	2	0	1.5
https://dave-blake.com/story/abbey-maher-viviens-balistarz-lifes-a-beach	abbey maher latest	0	11	0	6.4545454545454541
https://dave-blake.com/story/abigail-oneill-beauty	abigail o neill	0	25	0	2.2
https://dave-blake.com/story/abigail-oneill-beauty	abigail o neill model	0	15	0	2.9333333333333336
https://dave-blake.com/story/abigail-oneill-beauty	abigail o'neill	0	5	0	1
https://dave-blake.com/story/abigail-oneill-beauty	abigail oneal	0	20	0	1.55
https://dave-blake.com/story/abigail-oneill-beauty	abigail oneil	0	1	0	1
https://dave-blake.com/story/abigail-oneill-beauty	abigail oneill	0	2	0	1
https://dave-blake.com/story/abigail-oneill-beauty	abigail oneill	0	1	0	1
https://dave-blake.com/story/anouk-daddo-img-models-beauty	anouk bibi daddo	0	12	0	9.25
https://dave-blake.com/story/anouk-daddo-img-models-beauty	anouk daddo	0	9	0	5.5555555555555554
https://dave-blake.com/story/anouk-daddo-img-models-beauty	anouk model	0	1	0	1
https://dave-blake.com/story/audrey-bradford-imd-inc-mavrick-agency-chasing-waterfalls	audrey bradford	0	4	0	6.5
https://dave-blake.com/story/audrey-bradford-imd-inc-mavrick-agency-chasing-waterfalls	audrey bradford bio	0	29	0	9
https://dave-blake.com/story/audrey-bradford-imd-inc-mavrick-agency-chasing-waterfalls	audrey bradford model	0	1	0	10
https://dave-blake.com/story/audrey-bradford-imd-inc-mavrick-agency-chasing-waterfalls	audrey bradford x	0	2	0	6
https://dave-blake.com/story/caroline-low-img-models-beauty	caroline lowe	0	7	0	6
https://dave-blake.com/story/caroline-low-img-models-beauty	caroline lowe (carolinelowe) latest	0	11	0	15.545454545454545
https://dave-blake.com/story/caroline-low-img-models-beauty	caroline lowe model	0	9	0	6.1111111111111107
https://dave-blake.com/story/caroline-low-img-models-beauty	caroline raw	0	1	0	10
https://dave-blake.com/story/caroline-lowe-img-models-beauty-gold-eyeshadow	caroline lowe	0	1	0	13
https://dave-blake.com/story/caroline-lowe-img-models-beauty-gold-eyeshadow	caroline lowe (carolinelowe) latest	0	4	0	15
https://dave-blake.com/story/category/Campaign	lmoda	0	1	0	42
https://dave-blake.com/story/facesoffashionweek/nyfw-19	achenrin madit	0	1	0	47
https://dave-blake.com/story/facesoffashionweek/nyfw-19	olivia vinten	0	20	0	10.75
https://dave-blake.com/story/facesoffashionweek/nyfw-19	olivia vinten hair	0	15	0	1.8666666666666667
https://dave-blake.com/story/facesoffashionweek/nyfw-19	 	0	1	0	1
https://dave-blake.com/story/isadora-vieira-beauty	isadora vieira	0	12	0	1
https://dave-blake.com/story/kirsten-clemens-model-video-showreel	kirsten clemens	0	28	0	7.8571428571428568
https://dave-blake.com/story/kirsten-clemens-model-video-showreel	kirsty clemments porn	0	1	0	11
https://dave-blake.com/story/marvell-lane-swim-laura-wells-c18	marvel lane	0	4	0	9.25
https://dave-blake.com/story/marvell-lane-swim-laura-wells-c18	marvell lane	0	6	0	10
https://dave-blake.com/story/marvell-lane-swim-laura-wells-c18	marvell lane paddington	0	3	0	21
https://dave-blake.com/story/marvell-lane-swim-laura-wells-c18	marvell lane swim	0	7	0	41.142857142857146
https://dave-blake.com/story/michelle-bagarra-model-beach-video-062020	bagarra	0	1	0	20
https://dave-blake.com/story/personal/michelle-bagarra-quantum-jumping	michelle bagarra	0	17	0	8.352941176470587
https://dave-blake.com/story/tag/Beth+Hurrell	beth hurrell nude	0	1	0	49
https://dave-blake.com/story/tag/Campaign	carlie philby	0	7	0	1.5714285714285714
https://dave-blake.com/story/tag/Chiara+Dorward	chiara dorward	0	4	0	10
https://dave-blake.com/story/tag/Commercial	rubyyaya	0	1	0	20
https://dave-blake.com/story/tag/Egith+van+Dinther	egith	0	1	0	1
https://dave-blake.com/story/tag/Egith+van+Dinther	egith van dinther	0	3	0	7.666666666666667
https://dave-blake.com/story/tag/Jayde+Stella	jayde heath	0	3	0	18
https://dave-blake.com/story/tag/Jayde+Stella	jayde stella	0	20	0	15
https://dave-blake.com/story/tag/Jayde+Stella	jayde stella (jaydeheathh) latest	0	52	0	17.115384615384617
https://dave-blake.com/story/tag/Jayde+Stella	jayde stella nude	0	8	0	10.375
https://dave-blake.com/story/tag/Julia+Newbery	julia newberry	0	7	0	2.2857142857142856
https://dave-blake.com/story/tag/Julia+Newbery	julia newbery	0	3	0	3
https://dave-blake.com/story/tag/Lacey+Nelson	lacy nelson	0	4	0	42
https://dave-blake.com/story/tag/Lilli+Tronc-Robinson	lilli robinson	0	1	0	7
https://dave-blake.com/story/tag/Mollye+Rogel	mollye	0	2	0	4.5
https://dave-blake.com/story/tag/Mollye+Rogel	mollye rogel model	0	1	0	6
https://dave-blake.com/story/tag/Mollye+Rogel	mollye rogel nude	0	1	0	4
https://dave-blake.com/story/tag/Steph+Rayner	steph rayner (stephjrayner) latest	0	46	0	17.086956521739129
https://dave-blake.com/story/tag/Steph+Rayner	steph rayner instagram	0	1	0	43
https://dave-blake.com/story/tag/Steph+Rayner	steph rayner nude	0	1	0	8
https://dave-blake.com/story/tag/Steph+Rayner	steph rayner reddit	0	1	0	42
https://dave-blake.com/story/tag/Steph+Rayner	stephanie rayner nude	0	1	0	21
https://dave-blake.com/story/tag/monika+clarke	#monikaclarke	0	6	0	25.5
https://dave-blake.com/story/tag/monika+clarke	model monika clarke	0	2	0	38
https://dave-blake.com/story/tag/monika+clarke	monika clarke	0	8	0	31.625
https://dave-blake.com/story/tag/monika+clarke	monika clarke (monika.clarke) latest	0	30	0	19.7
https://dave-blake.com/story/tag/monika+clarke	monika.clarke	0	1	0	35
https://dave-blake.com/story/tag/viviens+models	vivens models latest	0	13	0	18.46153846153846
https://dave-blake.com/story/tag/viviens+models	vivians models	0	1	0	18
https://dave-blake.com/story/tag/viviens+models	vivians models latest	0	11	0	16
https://dave-blake.com/story/tag/viviens+models	viviennes models	0	1	0	24
https://dave-blake.com/story/tag/viviens+models	viviens models	0	4	0	39.25
https://dave-blake.com/workshops/2021/07/professional-photography-course-building-your-fashion-beauty-portfolio-with-agency-models-3-months-8-students-online-or-byron-bay	3 month photography course	0	1	0	6
https://dave-blake.com/workshops/2021/07/professional-photography-course-building-your-fashion-beauty-portfolio-with-agency-models-3-months-8-students-online-or-byron-bay	beauty photography course	0	7	0	36.714285714285715
https://dave-blake.com/workshops/2021/07/professional-photography-course-building-your-fashion-beauty-portfolio-with-agency-models-3-months-8-students-online-or-byron-bay	model photography course	0	18	0	12.722222222222221
https://dave-blake.com/workshops/2021/07/professional-photography-course-building-your-fashion-beauty-portfolio-with-agency-models-3-months-8-students-online-or-byron-bay	online fashion photography courses	0	8	0	44.125
https://dave-blake.com/workshops/2021/10/professional-photography-course-building-your-fashion-beauty-portfolio-with-agency-models-3-months-8-students-online-or-byron-bay	beauty photography course	0	15	0	14.2
https://dave-blake.com/workshops/2021/10/professional-photography-course-building-your-fashion-beauty-portfolio-with-agency-models-3-months-8-students-online-or-byron-bay	model photography course	0	2	0	1.5
https://dave-blake.com/workshops/2021/10/professional-photography-course-building-your-fashion-beauty-portfolio-with-agency-models-3-months-8-students-online-or-byron-bay	promotional models byron bay	0	1	0	64
